,name,birth_date,age,children,employment,id,city,email,password,Signed_Up
0,Todd Roberts,1961-08-18,61,2,1,371185,Tel_Aviv_Yaffo,rbailey@gmail.com,$5UrqerA1b,1
1,Heather King,1967-05-28,55,1,1,416652,Rishon_LeTsiyon,jason43@yahoo.com,x2Hz3L3f_5,1
2,Leslie Rush,1981-12-09,41,4,1,252049,Tel_Aviv_Yaffo,steven10@hall.com,$^Bnu$VG83,1
3,Tracy Nguyen,1980-02-16,42,3,0,367583,Tel_Aviv_Yaffo,jennifer25@gmail.com,3$6$HQJtpJ,1
4,Tammy Williams,1996-05-20,26,0,1,293707,Ramat_Gan,ejarvis@johnson-rogers.com,^u7x78FtZ),1
5,Shawn Mcbride,1992-03-23,30,2,1,253783,Rishon_LeTsiyon,rosetimothy@burns.com,Ng(29KxtPP,1
6,Evelyn Lane,1972-05-20,50,2,1,230348,Rishon_LeTsiyon,alison98@sullivan.net,P_Gc6zMeWJ,1
7,Timothy Delacruz,1974-01-29,48,1,1,289213,Petah_Tikva,annette73@harris.com,$&$_1Yz(2F,1
8,Laura Mitchell,1975-08-22,47,2,1,344181,Tel_Aviv_Yaffo,lisajones@mitchell-ford.org,b++6@JXgSd,1
9,Jason Williamson,1990-05-23,32,1,1,446566,Tel_Aviv_Yaffo,theresabeard@hensley.com,$y0R3ROs$9,1
10,Diana Dunn,1965-01-15,57,2,0,422446,Tel_Aviv_Yaffo,joycethompson@gmail.com,vH#12DuZ7+,1
11,Ms. Jill Dean,1971-01-02,51,1,1,241241,Tel_Aviv_Yaffo,whawkins@gmail.com,H5M1l$gJ#3,1
12,Krista Ramirez,1995-02-21,27,0,1,231181,Rishon_LeTsiyon,susan35@jones-morgan.com,e1Gcn8sR%z,1
13,Lisa Manning,1998-01-17,24,0,1,286909,Rishon_LeTsiyon,mike01@hotmail.com,@3J7p2kr3h,1
14,Tiffany Taylor,1993-10-12,29,2,1,334022,Ramat_Gan,jsloan@hotmail.com,!SC0QJpD1h,1
15,Joseph Howell,1998-12-14,24,0,1,442604,Herzliya,nguyenlaurie@davis-jackson.com,(u2CrTZv0D,1
16,Thomas Rodriguez,1965-05-23,57,1,1,371224,Rishon_LeTsiyon,gregory44@franklin-castro.net,f#w!7GsOtd,1
17,Kevin Saunders,1960-04-06,62,2,1,234667,Tel_Aviv_Yaffo,normanalison@hotmail.com,%p8fIEuOH0,0
18,Jason Johnson,1976-06-24,46,4,1,387824,Rishon_LeTsiyon,shall@gallegos.com,y5GJzuL$*L,1
19,Kelly Johnson,1992-12-05,30,0,1,286013,Rishon_LeTsiyon,harrisonkeith@hotmail.com,@#QxbGUOf8,1
20,Kimberly Smith,1966-04-03,56,1,1,314627,Tel_Aviv_Yaffo,christopher85@gmail.com,g!4DNbqFX&,1
21,Johnathan Underwood DDS,1960-09-21,62,3,1,350628,Ramat_Gan,paulwu@yahoo.com,&0mOZx^wX2,1
22,Christopher Lozano,1969-05-27,53,1,1,234160,Tel_Aviv_Yaffo,parsonsallison@moore.com,McO%8T*plJ,1
23,Kenneth Palmer,1989-08-14,33,3,1,388632,Rishon_LeTsiyon,christinajohnson@valentine-arnold.org,_4@BB&uXCI,1
24,Michael Moore,1978-10-12,44,5,1,242773,Tel_Aviv_Yaffo,cory24@ramirez-olson.net,3h!LyH56%5,1
25,John Rivas,1979-02-25,43,2,0,279946,Tel_Aviv_Yaffo,wallacecynthia@gmail.com,7nJRQvGO%z,1
26,Daniel Paul,1973-11-30,49,3,1,398953,Petah_Tikva,ryanshannon@robinson-morris.com,+0gMFBwA)E,1
27,John Ponce,1991-10-27,31,2,1,443627,Tel_Aviv_Yaffo,mtyler@gmail.com,775KnEEx)6,1
28,Mrs. Rose Callahan,1993-11-17,29,1,1,238253,Tel_Aviv_Yaffo,eric01@yahoo.com,JH2A_UZaB_,1
29,Kenneth Chavez,1978-02-27,44,2,1,319437,Tel_Aviv_Yaffo,benjaminwright@everett-charles.net,iq#VsgMd)3,1
30,James Boyd,1962-09-23,60,3,1,468858,Rishon_LeTsiyon,catherinemiller@gmail.com,#*0Ii)+raY,1
31,Jennifer Jones,1986-10-29,36,3,1,368518,Tel_Aviv_Yaffo,ashleyklein@hotmail.com,(x5CM&b(+5,1
32,Samuel Brown,1982-01-01,40,2,1,426550,Tel_Aviv_Yaffo,corey92@morris-evans.com,#yM1UVJrkZ,1
33,Tanya Lopez,1978-12-20,44,2,1,264149,Petah_Tikva,wesleymcmahon@torres.com,(hY3PfHb+r,1
34,Mary Thompson,1984-09-16,38,3,1,241540,Ramat_Gan,jamescarter@hotmail.com,d9AK+8oM!#,1
35,Brenda Weaver,1967-08-25,55,3,1,262114,Rishon_LeTsiyon,ngreen@gmail.com,Fd%0FweJA_,1
36,Anthony Roberson,1972-12-17,50,4,1,421233,Rishon_LeTsiyon,georgesmith@gmail.com,#nHRF@qn)0,1
37,Tina Tucker,1996-11-22,26,0,1,376011,Tel_Aviv_Yaffo,wilsonmolly@hughes.com,fkD&6PdDg$,1
38,Kenneth Thompson,1971-11-12,51,2,1,458806,Tel_Aviv_Yaffo,kimberly43@byrd.info,*%1U)Noz@s,1
39,Michael Murray,1982-11-17,40,1,1,217956,Petah_Tikva,oterry@hotmail.com,yr^4MRaT(B,1
40,Brandon Hicks,1988-12-14,34,0,1,285747,Tel_Aviv_Yaffo,gthomas@gmail.com,+6Kz%Ma2(6,1
41,Luis Henson,1988-12-30,34,3,1,251422,Petah_Tikva,stevenharrison@hotmail.com,uyc34sSrx_,1
42,Terri Wilson,1972-01-29,50,1,1,324518,Tel_Aviv_Yaffo,phillipsgeorge@yahoo.com,I&586!Ij*m,1
43,Thomas Long,1968-07-20,54,2,1,411854,Tel_Aviv_Yaffo,smithkristen@boyd-hopkins.com,2_2U1L61Zv,1
44,Bonnie Bartlett,1989-08-07,33,2,1,297519,Tel_Aviv_Yaffo,rkeith@gmail.com,AX0$9D*d&v,1
45,Jessica Lee,1980-04-10,42,2,0,386077,Tel_Aviv_Yaffo,gabrielaking@stafford.com,XS39LgtM(*,1
46,Patricia Foster,1970-01-22,52,2,1,289059,Petah_Tikva,uwillis@gmail.com,(2UFfgELw&,1
47,Mr. Jeffery Phillips,1969-04-29,53,3,1,290731,Tel_Aviv_Yaffo,mcguirelori@gmail.com,8Las9^Skr!,1
48,Nicole Goodman,1992-05-01,30,2,1,215065,Ramat_HaSharon,tammy45@thompson.biz,J86cQPLnp+,1
49,Adam Lin,1962-08-26,60,3,1,394401,Ramat_HaSharon,johnstonjessica@yahoo.com,mAM8N8b!L(,1
50,Jason Austin,1983-08-23,39,0,1,392482,Petah_Tikva,melanie94@hotmail.com,$2jyVBnEJ7,1
51,Shaun Ball,1981-07-07,41,1,1,372652,Petah_Tikva,spearsjohn@bruce.org,$@Rlwcsn82,1
52,Paul Bell,1971-03-17,51,2,1,444337,Tel_Aviv_Yaffo,powellnancy@collins.com,PH^7Tq(j*2,1
53,Kevin Rivera,1969-06-18,53,2,1,408718,Tel_Aviv_Yaffo,walkersamantha@hotmail.com,F7&3FGAwu*,1
54,Mrs. Dawn Martin,1971-02-04,51,2,1,317731,Tel_Aviv_Yaffo,qherrera@sexton-guerra.com,5Q5UK_hF*g,1
55,Joseph Woods,1996-02-01,26,1,1,268408,Tel_Aviv_Yaffo,conniemitchell@hotmail.com,3HAB3WHc@s,1
56,Michelle Griffith,1980-12-01,42,1,1,257378,Tel_Aviv_Yaffo,clintonlara@hotmail.com,Z*AHG3Zcj(,0
57,Jessica Bennett,1999-06-09,23,1,1,421229,Rishon_LeTsiyon,morrisallen@rowe.com,Bd!SOM&+)0,1
58,Rachel Andrews,1979-03-18,43,1,1,222683,Tel_Aviv_Yaffo,padillajohn@gmail.com,sA#73BtT^_,1
59,Brandon Salazar,1987-03-07,35,2,0,443863,Tel_Aviv_Yaffo,cward@watson.com,#eCwPvAz4V,1
60,Mary Davis,1973-11-12,49,3,1,410705,Rishon_LeTsiyon,nicolesawyer@sosa.com,5qPFwk1@&2,1
61,Shelia Garcia,1961-06-03,61,2,1,228975,Ramat_Gan,tmoody@williamson.com,XD)@0+IwH*,1
62,Sara Smith,1975-07-15,47,1,1,450859,Petah_Tikva,robertnorris@yahoo.com,zJDyEX8i%0,1
63,Carrie Brown,1979-09-12,43,2,0,373008,Tel_Aviv_Yaffo,xhaney@potter.info,#6TH*w54*&,1
64,Jessica Williams,1995-06-01,27,0,1,400539,Ramat_Gan,bushjohn@hotmail.com,*r0H5z9hJ),1
65,Matthew Cardenas,1996-02-10,26,0,0,296499,Petah_Tikva,patrickbrown@hotmail.com,W)3(X!MoFG,1
66,Travis Stevens,1977-10-23,45,2,0,416070,Ramat_Gan,njohnson@palmer-gibbs.biz,lz&Vm5Rw%#,1
67,Robert Kelley,1983-10-04,39,1,1,370530,Petah_Tikva,wgonzalez@adams-rivera.com,$AU1F&yd#1,1
68,Brandon Larson,1983-06-28,39,2,1,392172,Tel_Aviv_Yaffo,valeriehorne@hotmail.com,)N#1NRAx_K,1
69,Lauren Davis,1963-09-26,59,1,1,452951,Rishon_LeTsiyon,lawrenceolson@daniels.com,%39RLpG*Sx,1
70,Ashley Crawford,1986-02-16,36,3,1,275242,Rishon_LeTsiyon,joshuaking@gonzalez-sandoval.org,z%309wAny9,1
71,Taylor Patterson,1987-10-08,35,1,1,440556,Tel_Aviv_Yaffo,kmiller@hotmail.com,k@2FRR#mMr,1
72,Angela Evans,1984-08-08,38,3,1,377771,Rishon_LeTsiyon,kmarsh@yahoo.com,r@CF2AFwwS,1
73,Matthew Stewart,1973-09-15,49,2,1,427530,Tel_Aviv_Yaffo,danielsmichelle@hotmail.com,Jra*5YVjc3,1
74,Elizabeth Stewart,1967-05-10,55,2,1,429335,Tel_Aviv_Yaffo,ycain@hotmail.com,pgY*3Oim2V,1
75,Tiffany Snyder,1969-12-22,53,4,1,456837,Ramat_Gan,njones@yahoo.com,)Xi9DgO+z6,1
76,Peggy Williamson,1984-03-03,38,0,1,293420,Tel_Aviv_Yaffo,gwendolyn63@hotmail.com,x+Ub6NH&Jz,1
77,Scott James,1997-03-15,25,0,1,375421,Tel_Aviv_Yaffo,alexandercynthia@yahoo.com,W1bihFdo(W,0
78,Brian Lopez,1965-09-21,57,2,0,441824,Ramat_HaSharon,jessicaharvey@yahoo.com,)UGyyIm$F9,1
79,Stephen Jones,1960-04-20,62,3,1,348047,Tel_Aviv_Yaffo,anthonydouglas@yahoo.com,Yn79OhI^)X,1
80,Gregory Gonzales,1975-03-04,47,2,1,440972,Tel_Aviv_Yaffo,chadlane@hotmail.com,L(8IZe*OoS,1
81,Nicholas Sharp,1980-01-06,42,2,1,311969,Tel_Aviv_Yaffo,lsawyer@hotmail.com,Kr3#RmJig),1
82,Erika Keller,1998-03-20,24,0,1,316424,Rishon_LeTsiyon,thomasstephens@gmail.com,%^8HXzEA17,1
83,Gregg Mccormick,1968-04-20,54,2,0,249862,Tel_Aviv_Yaffo,zperry@escobar-miller.com,L*9W+Bc@Uq,1
84,Matthew Kim,1994-08-12,28,2,1,383106,Petah_Tikva,halltimothy@pugh.biz,%oJ68iExiF,1
85,Melissa Dixon,1972-01-26,50,2,1,384281,Tel_Aviv_Yaffo,christopher42@yahoo.com,kDt8mAns&6,1
86,John Williams,1991-06-27,31,3,1,222422,Ramat_Gan,zwood@yahoo.com,^51Mig3e^E,1
87,Mindy Austin,1960-05-16,62,3,1,387127,Ramat_Gan,obrown@gmail.com,4$1D)PmjPB,1
88,Stacy Lawrence,1997-08-08,25,0,1,332835,Tel_Aviv_Yaffo,eduardo26@chambers-montgomery.biz,@0l7QmSJgv,1
89,Crystal Ramirez,1987-12-10,35,2,1,270104,Tel_Aviv_Yaffo,cynthia72@yahoo.com,t#6$UCBuGF,1
90,David Ford,1980-02-15,42,3,0,296915,Rishon_LeTsiyon,michael88@lutz-morgan.net,a28v)VTo%5,1
91,Jon Collins,1976-07-10,46,2,1,211773,Tel_Aviv_Yaffo,williammurray@ryan.com,&qDkvXKL67,1
92,Tracy Ruiz,1976-10-02,46,1,1,403858,Tel_Aviv_Yaffo,johnsonjeremy@vaughan.com,5#%$4WVoC+,1
93,Julia Martinez,1993-03-17,29,1,1,309283,Rishon_LeTsiyon,lauren39@tran.com,sT#X6E@nIs,1
94,Joseph Edwards,1970-06-29,52,4,1,240667,Petah_Tikva,ryan52@hotmail.com,Nf8IapyC@%,1
95,Katherine Fleming,1996-02-11,26,0,1,318360,Tel_Aviv_Yaffo,rbenson@yahoo.com,!Fnf9Psd%J,1
96,Stephanie Quinn,1993-02-12,29,3,1,288179,Tel_Aviv_Yaffo,yhall@dyer-patterson.biz,@pwj0GzA$R,1
97,Tina Wilson,1975-05-19,47,3,1,462445,Ramat_HaSharon,mwest@gmail.com,6NFU*+wa_h,1
98,Alicia Richards,1983-10-13,39,3,1,356217,Rishon_LeTsiyon,dennis00@ware.com,f*2IgcZ$*w,1
99,Cynthia Terry,1964-02-28,58,2,1,356074,Petah_Tikva,rebecca08@watson.com,Rp07fAty#),1
100,Michelle Carter,1991-06-04,31,1,1,356801,Tel_Aviv_Yaffo,craig82@kemp-cannon.com,D#3)cqVfJ$,1
101,Aaron Allen,1979-08-11,43,2,1,464540,Rishon_LeTsiyon,christinewilliamson@bates.com,)W1cTJpdk#,1
102,Sonya Smith,1961-03-22,61,2,1,416427,Petah_Tikva,nrodriguez@yahoo.com,AxUb8nk3!9,1
103,Eric Long,1961-06-26,61,1,1,303993,Petah_Tikva,dwatson@gmail.com,d3jV$vhq$7,1
104,Andrea Gentry,1961-07-07,61,3,1,233916,Tel_Aviv_Yaffo,charlesrowland@bauer.com,K83WWes1_1,1
105,Amy Donovan,1976-05-12,46,2,1,283716,Tel_Aviv_Yaffo,derrick31@gonzalez.org,t5Al7_SZ)U,1
106,James Burns Jr.,1967-02-20,55,5,1,227838,Rishon_LeTsiyon,brooksgerald@orozco-dixon.com,s1)3DQavP+,1
107,Billy Zimmerman,1983-06-08,39,4,0,351241,Petah_Tikva,perezjason@ferguson.com,Fzr#1NnhlN,1
108,Jamie Elliott,1960-08-08,62,1,1,393401,Tel_Aviv_Yaffo,robinsonangel@hotmail.com,37UULBea^T,1
109,Kimberly Davis,1975-10-29,47,1,0,342216,Tel_Aviv_Yaffo,stevenbrennan@yahoo.com,$^Z2RR8ed1,1
110,Ryan Morris,1971-09-05,51,1,1,373285,Tel_Aviv_Yaffo,oscarrocha@gmail.com,m@G3SXKh%l,1
111,Jill Adkins,1965-07-23,57,2,1,275575,Tel_Aviv_Yaffo,petersonthomas@jackson.com,31sG)imd(r,1
112,Carl Berry,1989-01-26,33,3,1,457922,Petah_Tikva,owenjames@gmail.com,Rs#6vMqJLa,1
113,Daniel Obrien,1996-01-11,26,0,1,333802,Tel_Aviv_Yaffo,jjones@aguilar.com,*3HWGK&mGL,1
114,Mathew Bradford,1986-10-17,36,3,0,218369,Rishon_LeTsiyon,clayton86@hotmail.com,)reMK7D5q9,1
115,John Gomez,1966-03-22,56,3,1,323976,Tel_Aviv_Yaffo,veronica99@wise.net,_6_5dQBb9$,1
116,Michael Johnson,1998-12-24,24,0,1,322603,Tel_Aviv_Yaffo,andrewgreen@hotmail.com,@av1IuMyh&,0
117,Jeffrey Little MD,1962-03-23,60,2,1,280751,Tel_Aviv_Yaffo,lindamoody@heath-blackwell.com,^)r1uAUb@Z,1
118,Zachary Cook,1981-11-12,41,2,1,230483,Ramat_Gan,iyoung@hotmail.com,z*3P8)uzHc,1
119,Briana Garner,1994-11-04,28,1,1,348742,Tel_Aviv_Yaffo,cindy74@gmail.com,^2U5Kri+Us,1
120,Marcus Brown,1965-05-19,57,2,1,374507,Rishon_LeTsiyon,maryhardy@walter-figueroa.net,RGk6o3iyM),1
121,Kimberly Wood,1997-12-30,25,0,1,463933,Ramat_Gan,fatkinson@yahoo.com,%JTa4E1S3f,1
122,Dalton Shields,1960-08-10,62,2,1,232954,Petah_Tikva,clarkeronald@nguyen.biz,g&jA4Nq8M#,1
123,Amy Patel,1962-07-06,60,3,1,265030,Tel_Aviv_Yaffo,nealroger@gmail.com,e3j!1Num3c,0
124,Diane Dillon,1977-05-12,45,1,1,352216,Tel_Aviv_Yaffo,brandon92@yahoo.com,Y1(b%2ArI2,1
125,Timothy Chase,1971-06-24,51,1,1,290747,Petah_Tikva,brichards@glenn.com,xM0AGYcR+C,1
126,Heather West,1984-05-21,38,3,1,359561,Petah_Tikva,johnsonsamuel@anderson-colon.com,FE!2PPiJ8j,0
127,Leslie Kidd,1980-02-15,42,3,1,416822,Tel_Aviv_Yaffo,michaelmartinez@harper.org,G+7OXq7LgW,1
128,Danielle Medina,1985-06-24,37,4,1,344909,Tel_Aviv_Yaffo,woodspamela@gmail.com,2gJrZ3Qv*5,1
129,Mitchell Massey,1973-08-01,49,4,1,385712,Ramat_Gan,brookskevin@holmes.com,_88)Pva6Nz,1
130,Janice Sanchez,1980-05-07,42,2,1,447493,Rishon_LeTsiyon,johnsonstephanie@roach-castro.com,4X9%Yh7x_B,1
131,Ana Marsh,1979-06-19,43,1,1,221059,Rishon_LeTsiyon,ohaynes@martinez-cameron.info,%k(2xNfEu5,1
132,Kenneth Foley,1964-02-09,58,3,1,286023,Ramat_HaSharon,lrodriguez@hotmail.com,O1Znbkw@^&,1
133,Angela Snyder,1966-12-14,56,2,1,242627,Tel_Aviv_Yaffo,kyle25@gmail.com,$6DH(6okzl,1
134,Ryan Whitehead,1993-08-24,29,1,1,225019,Petah_Tikva,john17@bentley.info,#!7N(Xi@!8,1
135,Emily Salazar,1981-07-20,41,1,1,278521,Rishon_LeTsiyon,jwarren@gmail.com,+$3uT(mi%4,1
136,Donald Gomez,1980-10-16,42,3,1,300256,Herzliya,william53@anderson-reyes.net,#PMsNr)*83,1
137,Chelsea Wilson,1994-10-30,28,2,1,391242,Tel_Aviv_Yaffo,harristammy@morgan-davis.info,*muDp_OiZ8,1
138,Patrick Wall,1999-08-22,23,1,1,466509,Rishon_LeTsiyon,megan96@hotmail.com,*cEk2CzXF(,1
139,Lauren Patterson,1994-08-13,28,1,1,468606,Tel_Aviv_Yaffo,gcastro@yahoo.com,F55W&HGe!9,1
140,Alyssa Mcintyre,1977-04-10,45,2,1,450787,Petah_Tikva,winterswilliam@schneider.com,#7&@zROm0h,1
141,Joshua Carter,1999-11-27,23,0,1,373162,Tel_Aviv_Yaffo,wlivingston@yahoo.com,D6JfdLp%&Z,1
142,Rodney Walker,1990-07-18,32,1,1,466855,Tel_Aviv_Yaffo,pierceaaron@hotmail.com,)cOOE&HaO8,1
143,Sean Contreras,1999-08-08,23,0,1,392296,Tel_Aviv_Yaffo,ghoffman@gmail.com,Roz7xO7G8$,1
144,Jacob Kelley,1993-01-30,29,1,0,337798,Rishon_LeTsiyon,kellysnow@gmail.com,!2UzNibgiO,1
145,Jeremy Palmer,1995-01-29,27,0,1,270320,Tel_Aviv_Yaffo,matthewseric@yahoo.com,@3G3YXbsVr,1
146,John White,1990-05-16,32,2,1,245799,Tel_Aviv_Yaffo,thomas22@yahoo.com,(ZEwRK%e32,1
147,Henry Powell,1999-10-02,23,0,1,438526,Tel_Aviv_Yaffo,carl87@hotmail.com,^O5yT1Rl8Z,1
148,Rebecca Leon,1973-03-30,49,2,1,316331,Tel_Aviv_Yaffo,audrey76@harrison.com,Wr%c5Unav6,1
149,Steven Moss,1971-04-04,51,3,1,388710,Tel_Aviv_Yaffo,zamorakrista@hotmail.com,^YiuInw14k,1
150,Justin Garcia,1984-03-27,38,1,1,234171,Herzliya,christopher89@phelps.info,@hv&GqmGD1,1
151,Michael Newman,1984-12-25,38,2,0,380532,Tel_Aviv_Yaffo,devon26@browning-williamson.biz,%0P1EDfr_1,1
152,Edward Hudson,1981-06-14,41,2,1,454049,Ramat_HaSharon,vtaylor@gmail.com,Sk67sDUwy+,1
153,Emily Johnson,1989-12-29,33,3,0,399944,Petah_Tikva,fosteremily@gmail.com,$*hz_CZi8h,1
154,Linda Johnson,1986-02-04,36,3,1,318116,Tel_Aviv_Yaffo,greed@gmail.com,v*1MeI7pWa,1
155,Stephanie Robinson,1987-01-26,35,1,1,465936,Tel_Aviv_Yaffo,gregorypeters@lewis-perez.com,!H$k4fBmO2,1
156,Terry Jones,1965-06-23,57,2,1,341923,Tel_Aviv_Yaffo,stephaniehansen@gmail.com,C+p9XcQlU+,1
157,Tracy Morris,1979-04-20,43,2,1,275779,Rishon_LeTsiyon,james74@bell-robinson.biz,!8l8TuyKhA,1
158,Drew Harding,1984-06-19,38,5,1,290093,Tel_Aviv_Yaffo,igreen@smith.com,_Z%Ggn4Wp2,1
159,Jennifer Ramirez,1993-02-04,29,1,1,332417,Tel_Aviv_Yaffo,renee14@galloway.com,+lFClTVim9,1
160,Nicole Jones,1985-06-27,37,2,1,362491,Tel_Aviv_Yaffo,wrightcourtney@allen.com,%$YDQFyO&0,1
161,Christopher Vaughn,1992-01-27,30,1,1,293543,Tel_Aviv_Yaffo,richardnavarro@rowe.com,P1WeZ1c8!a,1
162,Jonathan Fisher,1998-11-03,24,1,0,430248,Petah_Tikva,mmartinez@hotmail.com,)kmIIN!m%8,1
163,Jessica Torres,1974-05-23,48,2,1,229321,Tel_Aviv_Yaffo,kimberly46@hotmail.com,@XT3kq)d2F,1
164,Erika Hoffman,1986-03-01,36,3,1,229586,Tel_Aviv_Yaffo,colleenjohnson@miller.com,Q2@J2fhx^7,1
165,Ryan Reyes,1982-09-29,40,1,1,419356,Petah_Tikva,robertsmith@austin.com,64lQ3YQv+w,1
166,Stephen Rosales,1996-12-25,26,0,1,278853,Tel_Aviv_Yaffo,dwall@carter-graham.org,0$3zMG4x#@,1
167,Amber Roth,1973-11-30,49,1,1,278350,Tel_Aviv_Yaffo,michaelfrazier@yahoo.com,*gcOMsZlc8,1
168,Tonya Gonzalez,1991-02-11,31,0,1,397097,Tel_Aviv_Yaffo,ijensen@lee.org,$j6GRVsI6_,1
169,Steven Gates,1981-03-13,41,2,1,343030,Rishon_LeTsiyon,gsalazar@small.com,&xZLINkp3I,1
170,Jessica Harding,1976-08-12,46,3,1,256020,Rishon_LeTsiyon,aguilarpaul@hotmail.com,N5(ZC3wo!o,1
171,Samantha Goodman,1962-05-05,60,3,1,432650,Tel_Aviv_Yaffo,vickie13@davis-nguyen.biz,!63HppXG@g,1
172,Joel Shelton,1994-08-09,28,1,1,229795,Petah_Tikva,victoriadickerson@gmail.com,b@_EDXTj@2,1
173,Alison Jones,1974-02-24,48,1,1,248663,Tel_Aviv_Yaffo,cruzjessica@gmail.com,ISx3Yjj_b*,1
174,Jacqueline Olson,1979-02-07,43,2,1,457781,Tel_Aviv_Yaffo,osimpson@stevens.info,&QGvV6CUh2,1
175,Aaron Myers,1964-10-13,58,2,1,378656,Herzliya,singhjeffery@williams-holt.org,Fr6nHqHb+r,1
176,Elizabeth Nelson,1985-01-15,37,2,1,385327,Tel_Aviv_Yaffo,ggarcia@yahoo.com,Gr9+Bi1##W,1
177,Ashley Weiss,1988-09-08,34,2,1,255641,Rishon_LeTsiyon,veronica57@hotmail.com,Npf+g9Ylq_,1
178,Kaitlyn Ingram,1976-12-28,46,2,0,420513,Tel_Aviv_Yaffo,frostjason@johnson.com,b!38+ZU0qv,1
179,Kara Riggs,1986-10-20,36,3,1,344564,Tel_Aviv_Yaffo,dalewhite@ramos.info,!7#7VGsgRF,1
180,Sarah Dillon,1973-11-11,49,1,1,443012,Petah_Tikva,amy21@thompson.com,^OlcCNch#1,0
181,Justin Rose,1976-02-12,46,4,1,437557,Rishon_LeTsiyon,smithcorey@gmail.com,$S38l5Bv+0,1
182,Karen Johnson,1982-10-21,40,5,1,288843,Tel_Aviv_Yaffo,sanchezjustin@gmail.com,#!2uA7KgC%,1
183,Jamie Hensley,1998-02-18,24,1,1,276378,Ramat_Gan,grodriguez@hodge-grimes.com,*A1Oag7p5G,0
184,Jessica Mcdowell,1975-02-13,47,3,1,415178,Petah_Tikva,mike47@lopez-grant.info,((D1mOGyt*,1
185,Joel Stewart,1983-12-04,39,1,1,307732,Tel_Aviv_Yaffo,shannon80@hotmail.com,#RZ*h8%jY8,1
186,Kimberly Hughes,1974-07-26,48,2,1,366850,Petah_Tikva,jaimeschmidt@yahoo.com,1Jz!7LmA)x,0
187,Joseph Strong,1969-06-01,53,1,1,334712,Ramat_HaSharon,erikayork@harris-moss.biz,v#rQ)9Shpr,1
188,Nicole Hancock,1980-08-28,42,3,1,317097,Petah_Tikva,linda57@fleming-williams.info,yhTB5AHlY+,1
189,Patricia Hammond,1980-12-23,42,4,1,316508,Tel_Aviv_Yaffo,cbradford@hernandez.net,c^T6&XKaO5,1
190,David White,1964-01-06,58,5,1,306534,Tel_Aviv_Yaffo,christopher32@hotmail.com,xt&ho9OtWE,1
191,Tina Booth,1981-12-05,41,4,1,282674,Petah_Tikva,lromero@werner.com,!Yi6JLje+f,0
192,Johnny Pearson,1988-07-25,34,1,0,249466,Tel_Aviv_Yaffo,laceyjones@gibson.com,_2ZAs7wnDt,1
193,Bryan Colon,1975-11-21,47,2,1,409497,Rishon_LeTsiyon,nixoncindy@gmail.com,(d%LjJnp71,1
194,Antonio Perez,1965-05-30,57,1,1,338630,Tel_Aviv_Yaffo,berrykathleen@gmail.com,dW4Iloeda#,1
195,Abigail Holt,1962-03-08,60,1,1,250458,Tel_Aviv_Yaffo,pbenjamin@gmail.com,u7SnNHFo+D,0
196,Riley Navarro,1983-11-17,39,4,1,304556,Petah_Tikva,jeffreybrown@hotmail.com,@Ux)a4FxJ),1
197,Kerry Patel,1967-05-19,55,2,1,261399,Petah_Tikva,yangcory@russo-gutierrez.com,_u1LcFFAlY,1
198,Megan Martinez,1992-04-02,30,2,1,300044,Tel_Aviv_Yaffo,michele63@stevens.com,a+w2JoV4hM,1
199,Michelle Hughes,1999-03-30,23,0,1,224794,Petah_Tikva,jacqueline26@sandoval.com,UHD)9PCoFR,1
200,Patricia Hill,1975-01-18,47,1,1,431200,Rishon_LeTsiyon,anthony14@castillo.com,C&66MYnpv),1
201,Lisa Graham,1977-11-08,45,1,1,287122,Petah_Tikva,wromero@gmail.com,W!+6Im_hOJ,0
202,Joseph Morris,1988-07-06,34,3,1,343206,Tel_Aviv_Yaffo,maldonadojeremy@hotmail.com,#KEydEI0T7,1
203,Kelly Klein,1993-06-08,29,1,1,307417,Tel_Aviv_Yaffo,flynnkristy@contreras.com,*d8C8iNeg_,1
204,Kristy Hamilton,1963-01-12,59,3,0,381237,Rishon_LeTsiyon,urose@jackson.com,o2toN^dK^g,1
205,Christopher Lopez,1970-07-25,52,1,1,446781,Tel_Aviv_Yaffo,denise24@parks-rowe.com,%7_9TcweNZ,1
206,Kara Taylor,1973-02-12,49,4,1,226186,Ramat_Gan,sanchezangelica@peterson-bennett.net,&v99O1Of(_,1
207,Tracy Carr,1992-11-22,30,2,1,213490,Herzliya,cbaker@house.com,p(oYH^Jn)0,1
208,Jack Everett,1970-02-06,52,0,1,424713,Petah_Tikva,huntrobert@hotmail.com,A&9EIqOVH*,1
209,Lauren Griffin,1988-12-17,34,3,1,303073,Tel_Aviv_Yaffo,krojas@yahoo.com,^BBznHoL^3,1
210,Robert Luna,1998-04-11,24,0,1,323631,Tel_Aviv_Yaffo,michaelmartinez@mejia.com,_a4YPag^jB,1
211,Alexander Carter,1994-08-06,28,3,1,345942,Ramat_Gan,susan84@hotmail.com,#7IsL(r!Bi,1
212,Brandon Reid,1998-10-28,24,0,1,368056,Tel_Aviv_Yaffo,scottsampson@hotmail.com,*2RHwD$3&Q,1
213,Robin Lewis,1960-06-14,62,3,1,261924,Ramat_HaSharon,samanthavelazquez@hall.com,8LXWp5vK$w,1
214,Robert Williams,1997-11-20,25,0,1,374563,Tel_Aviv_Yaffo,dwebb@hotmail.com,p6&FCZhx#F,1
215,Michael Flores,1972-06-16,50,3,1,371645,Rishon_LeTsiyon,williamcross@baker.org,3V0RThUb+S,1
216,Andrew Richards,1971-06-10,51,2,1,265770,Petah_Tikva,amandasmith@west-brown.com,ZP$3B7t#)2,1
217,Matthew Montoya,1986-03-03,36,2,1,354429,Rishon_LeTsiyon,swatts@hawkins.org,h!5F+(DjVp,1
218,Jeffrey Watkins,1963-10-09,59,3,0,378460,Tel_Aviv_Yaffo,dana36@hotmail.com,F5pL%$vo&j,1
219,Scott White,1977-04-15,45,1,1,356870,Tel_Aviv_Yaffo,jessica61@gmail.com,P!LBH8FhAe,1
220,Sara Foster,1984-05-28,38,2,1,251648,Tel_Aviv_Yaffo,hgonzalez@gmail.com,53OI2WqH#2,1
221,Christine Reynolds,1969-01-01,53,2,1,287016,Petah_Tikva,charles65@meadows-campbell.com,^+TpQYcMx7,1
222,Blake Velez,1966-05-26,56,3,1,361689,Rishon_LeTsiyon,brittney99@hotmail.com,%FGC3r*rt1,1
223,Linda Saunders,1990-03-11,32,2,1,227847,Tel_Aviv_Yaffo,kelleylisa@thomas-taylor.com,!1tGNfScU1,1
224,Dr. Abigail Branch MD,1968-08-20,54,4,1,269665,Tel_Aviv_Yaffo,sherri33@yahoo.com,D&4ZIzUX1!,1
225,Walter Pope,1985-02-01,37,1,1,216636,Petah_Tikva,natasha84@barron.com,(^NMoUm$3h,1
226,Isaiah Weber,1977-12-07,45,1,1,435486,Rishon_LeTsiyon,ian00@lamb.net,wv4B6Ybz%),0
227,Christopher Soto,1972-03-23,50,1,1,239283,Rishon_LeTsiyon,nicole72@russell-howell.net,R0ZS7CeT++,1
228,Timothy Gilbert,1996-12-27,26,0,1,303905,Rishon_LeTsiyon,qolsen@gmail.com,Z(98!TuCd^,1
229,Jennifer Alexander,1977-12-12,45,2,1,445814,Tel_Aviv_Yaffo,sanchezchristina@perez.net,uEnQt!R8(7,0
230,Samuel Blackwell,1990-01-24,32,1,1,238941,Tel_Aviv_Yaffo,jeffrey98@johnson.com,n+7JpTawsf,1
231,Barry Dodson,1975-02-28,47,2,0,297590,Petah_Tikva,howens@gmail.com,t!6WS(!y@F,0
232,Keith Edwards,1994-09-14,28,2,1,384204,Petah_Tikva,christophermooney@harris-sherman.com,a*Riv4EuTQ,1
233,Jacob Daniels,1994-05-08,28,1,1,223514,Tel_Aviv_Yaffo,kennethyates@hotmail.com,i4#Fxz9d!J,1
234,Loretta Smith,1980-09-15,42,3,1,392069,Tel_Aviv_Yaffo,jodithomas@hotmail.com,B*3GcrH^SH,0
235,Katherine Brooks,1991-10-22,31,3,1,407758,Rishon_LeTsiyon,freemanangel@gmail.com,(3PJmNGBvS,1
236,Julia Gomez,1994-03-18,28,2,0,327801,Tel_Aviv_Yaffo,frodriguez@gmail.com,r^nu8NgU!r,1
237,Alejandro Cordova,1980-01-08,42,2,1,462114,Tel_Aviv_Yaffo,hullmichael@rice.com,&2Yn7C&2p2,1
238,Henry Johns,1977-10-23,45,1,1,225091,Tel_Aviv_Yaffo,casesamantha@yahoo.com,zGNIJt4_+6,1
239,Troy Bates,1963-12-27,59,2,1,326144,Ramat_Gan,ashleydawson@matthews.com,&!5HSTqn#K,1
240,Aaron Robinson,1984-09-05,38,2,1,358206,Tel_Aviv_Yaffo,ysmith@gmail.com,)Y8LcDLvAB,1
241,Scott Johnson,1967-01-30,55,0,1,389284,Herzliya,jefferymassey@powell-haynes.org,dG7ZurkFA$,0
242,Steven Alvarado,1974-11-14,48,2,1,211256,Ramat_Gan,steven95@hill-cannon.org,)FWTll4g52,1
243,Kevin Brown,1989-03-24,33,2,1,211430,Rishon_LeTsiyon,hnguyen@yahoo.com,!1nFBZHjJT,1
244,Ashley Wong,1963-04-19,59,2,1,334621,Ramat_HaSharon,michaelschneider@hotmail.com,##0ulxYx)i,1
245,Jerome Fowler,1976-09-19,46,2,0,246912,Tel_Aviv_Yaffo,joseph70@williams.com,!V5GCqVazK,1
246,Steven Lopez,1992-05-03,30,1,0,372819,Rishon_LeTsiyon,vscott@hotmail.com,K&)2)Ydp5*,1
247,Ana Ford,1992-02-01,30,3,1,319749,Ramat_Gan,regina28@yahoo.com,%%CC7dbjj5,1
248,Taylor Woods,1994-12-08,28,1,1,271838,Tel_Aviv_Yaffo,mcarr@hotmail.com,j@i5JvRlpx,1
249,Shawn Madden,1982-06-20,40,1,1,319704,Rishon_LeTsiyon,spencerjeffrey@adams.com,qy0FJQqQ*m,1
250,Howard Quinn,1964-02-17,58,1,1,222423,Tel_Aviv_Yaffo,guerrerojonathan@gmail.com,9df+Xq$l+$,1
251,Maurice Jones,1965-05-17,57,2,1,319074,Ramat_Gan,lgardner@hotmail.com,$78&K!h4Pl,1
252,Danielle Palmer,1964-07-29,58,3,1,468794,Petah_Tikva,catherine43@yahoo.com,y)7TTMI!6t,1
253,Terry May,1979-12-16,43,2,0,306569,Petah_Tikva,cordovalinda@smith-hodges.org,#3Zim8cJM3,1
254,Ann Garcia,1988-08-14,34,1,1,240755,Ramat_HaSharon,mary33@serrano-chavez.com,(!Pa7Tmn*D,1
255,Michael Palmer,1980-01-04,42,1,0,219742,Petah_Tikva,marielee@gmail.com,urP8AmQ@^5,1
256,Hayley Miller,1983-06-07,39,3,1,321521,Ramat_Gan,atkinsonjeffrey@hotmail.com,Tqi%22E2Y@,1
257,Tiffany Brown,1996-01-27,26,0,1,453209,Petah_Tikva,troy48@yahoo.com,o@BO4jze@5,0
258,Brian Estes,1979-08-26,43,4,1,247729,Tel_Aviv_Yaffo,wolfejared@smith.org,YspS)ke&@0,1
259,James Barron,1964-07-26,58,1,1,439675,Tel_Aviv_Yaffo,clarkchristina@yahoo.com,&2kmWjWhVB,1
260,Chelsea Robertson,1979-01-24,43,1,1,262485,Petah_Tikva,akidd@cole.com,Y+tP6Lpnut,1
261,Craig Delgado,1962-01-17,60,2,1,252924,Tel_Aviv_Yaffo,scottkayla@yahoo.com,xWJO7WKj(3,1
262,Susan Sosa,1974-10-16,48,3,1,445122,Tel_Aviv_Yaffo,brian86@yahoo.com,6%HSiujP!N,0
263,Melissa George DDS,1968-08-31,54,1,1,376039,Tel_Aviv_Yaffo,duarterobert@yahoo.com,8Ei3GWof@7,1
264,Jessica Klein,1975-09-19,47,2,0,323872,Petah_Tikva,tylerreyes@ruiz-anderson.info,_S28Tdape%,1
265,Paul Rangel,1988-02-25,34,1,1,337130,Rishon_LeTsiyon,paulzimmerman@gmail.com,u6IcLilw%U,1
266,Jason Adams,1987-02-07,35,3,1,369310,Ramat_Gan,rmunoz@yahoo.com,O9vP%eNb+p,1
267,Mr. Michael Hudson,1982-03-08,40,0,1,445782,Tel_Aviv_Yaffo,sharon37@gmail.com,TG25Ftfb^L,1
268,Emily Bowman,1985-06-02,37,2,1,267800,Petah_Tikva,rchambers@ford-lee.com,*j0iZgXJl%,1
269,Alexis Johnson,1987-03-08,35,1,1,444472,Tel_Aviv_Yaffo,torresjasmine@yahoo.com,sC@&7WoOse,1
270,William Frazier,1977-04-29,45,2,1,333492,Tel_Aviv_Yaffo,xmiddleton@gmail.com,$RN#jMse8h,1
271,Wanda Russo,1968-07-11,54,1,1,436081,Ramat_Gan,christie33@gmail.com,Z(U9IPAsJs,1
272,Andrew Davis,1975-12-13,47,1,0,300488,Rishon_LeTsiyon,jclarke@yahoo.com,k^V9PqEt9j,1
273,Edward Sheppard,1977-05-01,45,3,1,233665,Tel_Aviv_Yaffo,matthew20@thornton.net,L&8RYoekKY,1
274,William Turner,1988-04-01,34,1,1,409153,Petah_Tikva,ian37@phelps.com,AhWWS%)0%6,1
275,Carl Hoffman,1980-02-22,42,2,1,456728,Rishon_LeTsiyon,jerry62@gmail.com,v$36GdYaw$,1
276,Christian Patton,1993-07-02,29,0,1,406232,Ramat_HaSharon,cheryl37@garner.com,PTOYPyYr_6,1
277,Robin Ford,1998-04-03,24,0,1,373680,Tel_Aviv_Yaffo,rtucker@smith.com,D(^2oWqgr#,1
278,Nicholas Reilly,1980-11-08,42,2,1,292408,Rishon_LeTsiyon,anthonyweber@lewis.com,+adz4DlkpY,1
279,Mitchell Rodriguez,1994-02-14,28,2,1,333388,Ramat_Gan,ashleybird@gmail.com,8%8)vLvd(L,1
280,Sarah Humphrey,1968-06-25,54,1,1,362050,Tel_Aviv_Yaffo,robertpatterson@rose-hardin.net,!6^6K#hPXr,1
281,Karen Avery,1963-07-19,59,2,1,442208,Ramat_HaSharon,kathryncarter@gmail.com,#mwKQo(Y3m,1
282,Robert Faulkner,1977-01-14,45,2,1,258749,Rishon_LeTsiyon,williamsmark@medina.com,#4x@4OYy3#,1
283,Courtney Jackson,1968-06-27,54,2,1,311666,Petah_Tikva,keaton@huber-adams.com,j$$@35Ad1h,0
284,Danny Grant,1995-05-08,27,0,1,464780,Tel_Aviv_Yaffo,wnichols@hotmail.com,06hX6EmQ$x,1
285,Richard Hebert,1980-12-24,42,1,1,412354,Tel_Aviv_Yaffo,lanewilliam@russell-moss.org,vS7U5p)b&6,1
286,Stephanie Bond,1961-12-12,61,1,1,319021,Tel_Aviv_Yaffo,thomaseric@harris.com,&Wd1C*sjYW,1
287,Sean Ortiz,1970-01-26,52,2,1,327960,Herzliya,david45@gmail.com,+6!Ii&1T93,1
288,Victoria Whitney,1979-07-19,43,1,1,368690,Ramat_Gan,jhuffman@yahoo.com,A91vTbnJ+w,1
289,Jacqueline Allen,1977-07-14,45,2,1,346625,Tel_Aviv_Yaffo,wballard@yahoo.com,3r(xuICE$2,1
290,Jill Cervantes,1963-11-22,59,1,1,334591,Herzliya,cassidy42@yahoo.com,7^5$FXUfeU,1
291,Jennifer Higgins DDS,1964-06-04,58,3,0,436112,Ramat_HaSharon,eramos@lawrence.org,A3U4Xc6ad^,1
292,Donald Jones,1985-03-29,37,2,1,462546,Tel_Aviv_Yaffo,nicholasmartin@hotmail.com,l8G4@gaw!Q,1
293,Jonathan Malone,1974-04-07,48,2,1,300395,Tel_Aviv_Yaffo,terri61@mitchell-singleton.com,WnSGsuzB+9,1
294,Penny Compton,1996-06-16,26,1,1,305990,Rishon_LeTsiyon,djimenez@long-stafford.com,(340OVhj+6,1
295,Diamond Martinez,1986-08-25,36,2,0,324028,Tel_Aviv_Yaffo,hhamilton@gmail.com,eyN*tk(M$0,1
296,Lisa Ramirez,1976-06-11,46,1,1,255007,Ramat_HaSharon,jonathansimpson@gmail.com,1OZ2iAt&S$,1
297,Tammy Sullivan,1962-05-15,60,1,1,397085,Petah_Tikva,joannajarvis@hotmail.com,_N&2$O!t9K,1
298,Alexander Rojas,1964-03-17,58,2,1,413388,Ramat_Gan,tbrown@gmail.com,t2NIWJ2q(1,1
299,Ronald Mcdaniel,1968-04-09,54,1,1,372287,Petah_Tikva,candacemartin@yahoo.com,cX9nOVgM1^,1
300,Roger Durham,1994-06-23,28,3,1,367236,Ramat_HaSharon,millermicheal@gmail.com,At*7KCrM)V,1
301,Debra Floyd,1981-07-02,41,2,1,322255,Tel_Aviv_Yaffo,john42@hotmail.com,!2DeAQtw%x,1
302,Summer Rodriguez,1992-08-25,30,1,1,427003,Tel_Aviv_Yaffo,michaelbrown@hotmail.com,%3LVHBaj9l,1
303,Wesley Mills,1966-11-28,56,2,1,237795,Petah_Tikva,edwin44@morrow.com,*B9OYqgh!C,1
304,Terri Reid,1966-12-14,56,2,1,461649,Tel_Aviv_Yaffo,robertsdebra@yahoo.com,NV*0UPSjgC,1
305,Brent Zhang,1987-07-08,35,3,1,350633,Rishon_LeTsiyon,stanley07@jackson-simpson.net,%7fmTFUwZY,1
306,Kevin Tucker,1992-10-21,30,1,1,378290,Tel_Aviv_Yaffo,qsmith@hotmail.com,+6T#eh5_47,1
307,Scott Miller,1976-05-28,46,3,1,452121,Petah_Tikva,vincentkimberly@gutierrez.com,p9pu6@Gu!u,1
308,Steven White,1982-08-03,40,2,1,421101,Ramat_Gan,qaguilar@barajas.com,4&59tXWdll,1
309,Matthew Crosby,1990-05-14,32,2,1,214686,Tel_Aviv_Yaffo,carterjennifer@moore.com,F71RYEx%@D,1
310,Jessica Holland,1992-01-01,30,3,1,248909,Rishon_LeTsiyon,hartdana@dean.com,xO8ue9Ez!t,1
311,Elizabeth Ross,1972-06-22,50,2,1,448676,Rishon_LeTsiyon,timothybarnett@bass-phillips.net,!s3YTgajoH,1
312,Monica Flores,1999-05-24,23,0,1,249780,Tel_Aviv_Yaffo,matthewfarrell@evans-mitchell.com,Xg71P1YtV#,1
313,Daniel Figueroa,1988-07-05,34,2,0,448269,Ramat_HaSharon,delgadoharold@yahoo.com,Ta!6M$Pc6!,0
314,Michael Welch,1984-06-29,38,2,1,383650,Tel_Aviv_Yaffo,egeorge@white.net,(WW0IJod+p,1
315,Nancy Carpenter,1995-12-25,27,0,1,375710,Tel_Aviv_Yaffo,samanthaking@garcia-hines.com,9_Qa52x!7B,1
316,Amber Briggs,1961-07-16,61,2,1,413657,Petah_Tikva,turneraaron@gmail.com,m^xS3WUlMj,1
317,Andrew Warren,1967-02-01,55,2,1,322083,Rishon_LeTsiyon,kimmegan@cruz-ellis.com,DA$7K_kZ6i,1
318,Thomas Gordon,1996-02-27,26,0,0,387739,Tel_Aviv_Yaffo,tonya54@whitehead.com,9QL1AfJML%,1
319,Heather Harris,1978-06-10,44,2,1,288127,Tel_Aviv_Yaffo,robert30@curtis.com,2DUQb7Br*7,1
320,Elizabeth Miller,1974-10-28,48,1,1,455392,Tel_Aviv_Yaffo,amy97@gmail.com,)9s7IjVwit,1
321,Cheryl Smith,1993-08-13,29,1,1,363722,Tel_Aviv_Yaffo,uwhite@roth-ingram.net,gKGjm4R)*6,1
322,Richard Wheeler,1982-07-23,40,3,1,274009,Tel_Aviv_Yaffo,crossscott@hotmail.com,N+^2NRw)zv,1
323,Frank Brown,1972-02-12,50,3,1,273676,Tel_Aviv_Yaffo,thomasking@sutton.com,w%9C+fQk*p,1
324,David Friedman,1992-07-25,30,2,1,449590,Tel_Aviv_Yaffo,territrujillo@swanson.com,6rDKABdz)9,1
325,Mrs. Tamara Gay,1984-11-13,38,0,1,435288,Tel_Aviv_Yaffo,jholmes@peterson.net,GB9)7Opiqu,1
326,Alex Hunt,1963-07-12,59,3,1,438665,Ramat_Gan,delgadobarbara@rose.com,0U@3SyuQfQ,1
327,Emily Long,1984-04-28,38,2,1,251141,Tel_Aviv_Yaffo,colemanchristopher@gmail.com,&73CHaXM21,1
328,John Dyer,1987-11-17,35,0,1,413217,Ramat_Gan,joseph75@gmail.com,h!H9inFHHc,1
329,Sabrina Barry,1970-01-16,52,2,1,420138,Tel_Aviv_Yaffo,lperez@gmail.com,9(W9+FllU*,1
330,Ian Clay,1995-01-24,27,0,0,448436,Tel_Aviv_Yaffo,mckeeamanda@macias.com,+xPdKbLXd2,1
331,Chelsea Williams,1983-02-12,39,3,1,412952,Rishon_LeTsiyon,alexanderspencer@wright.biz,ohqyt9Dz@2,1
332,Joseph Young,1970-03-05,52,3,1,320996,Rishon_LeTsiyon,ebarrett@rivers.info,&&H9Xld^5(,1
333,Jennifer Nolan,1984-09-16,38,2,1,454800,Tel_Aviv_Yaffo,brucejesse@gmail.com,^O8yMUj#mt,1
334,Erica Mckee,1989-08-27,33,2,1,253301,Petah_Tikva,vbrown@patterson.org,(9ES!iv(QG,1
335,Teresa Zhang,1997-06-07,25,0,1,369657,Tel_Aviv_Yaffo,umorris@kline-cortez.org,)9JIZGquws,0
336,David Smith,1962-11-07,60,2,1,248311,Ramat_Gan,fosternicole@hotmail.com,l$r8(TZb3(,1
337,Alexander Dunlap,1974-05-23,48,2,0,306503,Tel_Aviv_Yaffo,jason96@gmail.com,)3XFwrZwMs,1
338,Amanda Kennedy,1962-02-28,60,2,1,268061,Tel_Aviv_Yaffo,joyce19@yahoo.com,&t(4yeBtf9,1
339,Shelley Gay,1986-07-03,36,1,1,282401,Tel_Aviv_Yaffo,morrischarles@murphy.com,73b5Mxl16+,1
340,Mary Johnson,1995-12-07,27,0,1,457495,Tel_Aviv_Yaffo,cunninghamwilliam@kelley.biz,!dLH$Yz@b8,1
341,Tiffany Martin,1984-07-15,38,1,0,328001,Ramat_Gan,wlawson@hotmail.com,*D1qo_Tu@3,1
342,Melissa Lopez,1968-10-19,54,2,1,367214,Tel_Aviv_Yaffo,lnelson@meadows.org,y7ezZAx&++,1
343,Michael Bailey,1960-03-18,62,1,1,280542,Tel_Aviv_Yaffo,heathergarcia@hotmail.com,(Cd6F0SyJ&,1
344,Mary Collins,1965-10-09,57,2,1,414727,Ramat_Gan,brendamiranda@huber.com,$tGxqXWZK1,1
345,Kristie Tran,1980-11-12,42,3,1,285108,Tel_Aviv_Yaffo,plarson@lee-boyle.com,cW8o%bYb^1,1
346,Timothy Stewart,1966-03-12,56,1,1,336883,Petah_Tikva,jeffreymeyer@shepherd-hodges.com,+h8@6#G6U_,1
347,Amy Garcia,1960-02-26,62,1,1,372490,Ramat_HaSharon,stephaniebernard@martinez.org,5)2Y7Gh4Mz,1
348,Rebecca Bond,1987-01-17,35,1,1,263668,Ramat_Gan,brookssean@perry.com,(S6zY#ppCH,1
349,Brian Williams,1961-09-22,61,3,1,294638,Tel_Aviv_Yaffo,lbernard@hammond.org,(020FFT&Bf,1
350,Nancy Figueroa,1984-07-26,38,1,1,414756,Petah_Tikva,robert26@arnold.info,g4NPc$L5(R,1
351,Samuel Steele,1969-12-06,53,1,1,406805,Tel_Aviv_Yaffo,perezdavid@guerrero.biz,7_yJ_pz9*R,1
352,Daniel Hernandez,1990-11-29,32,1,1,354511,Ramat_Gan,rosejoshua@yahoo.com,$Zr1GlpO%Y,1
353,Robert Lewis,1993-02-03,29,1,1,297607,Tel_Aviv_Yaffo,qevans@gmail.com,t9WGR1Tb@G,1
354,Michael Bray,1995-05-17,27,0,1,312808,Tel_Aviv_Yaffo,george00@yahoo.com,^%302oWmyt,1
355,John Richard,1999-03-26,23,0,1,412808,Petah_Tikva,diane59@yahoo.com,Lw5Eei@lY(,1
356,Ashley Jones,1982-02-17,40,4,1,350113,Tel_Aviv_Yaffo,gmiles@yahoo.com,4K5WRZh1$n,1
357,Traci Brown,1976-07-01,46,1,1,255782,Herzliya,bowmanalexander@reid-jimenez.com,)OE*8kMmzv,1
358,Catherine Schwartz,1995-05-10,27,0,1,225825,Tel_Aviv_Yaffo,elizabethadams@carroll-thomas.com,#7tIjyWs3Y,1
359,Mary Pierce,1978-12-03,44,1,1,212213,Rishon_LeTsiyon,usmith@martinez.com,41B5oG!pf@,1
360,Andrew Russell,1973-06-25,49,3,1,316453,Petah_Tikva,epowell@gmail.com,Tt6FOsd7*d,0
361,James Maddox,1964-02-15,58,4,1,393925,Tel_Aviv_Yaffo,cindy05@gmail.com,$7UYvo&M&z,1
362,Jeffery Coleman,1991-03-19,31,1,1,343527,Tel_Aviv_Yaffo,lopezdana@yahoo.com,#Jf_0YbhJI,1
363,Eduardo Hall,1982-11-23,40,3,1,327926,Ramat_Gan,jason38@gmail.com,*1Yk105K*),1
364,Jessica Caldwell,1974-02-05,48,2,1,372259,Petah_Tikva,jonathan91@gmail.com,nk+)^9Hd7y,1
365,Lisa Robinson,1987-12-22,35,3,1,409750,Tel_Aviv_Yaffo,leemelanie@yahoo.com,66JLAB)z*c,1
366,Thomas Downs,1998-11-01,24,0,1,296584,Ramat_HaSharon,rebeccacarpenter@harris.com,!ZU09Ujupz,1
367,Laura Espinoza,1988-06-16,34,1,1,237692,Tel_Aviv_Yaffo,robinsonalyssa@ellison.com,+*92MlgNQX,1
368,Michael Graham,1970-06-08,52,1,1,435668,Tel_Aviv_Yaffo,audreysoto@anderson.com,sGsQfUgc$3,1
369,David Thompson,1994-12-13,28,0,1,324157,Petah_Tikva,brittanybailey@hotmail.com,y^Z2GcQ4hu,1
370,Victor Johnson,1972-09-23,50,2,0,341969,Tel_Aviv_Yaffo,amy97@lawson-collins.org,sE1dLi#en@,1
371,Brandon Barrett,1963-08-02,59,1,1,399463,Petah_Tikva,donnabryant@johnson.net,!ZDjVKqc5r,1
372,Cheryl Williams,1983-12-30,39,2,1,416829,Petah_Tikva,anthony69@hotmail.com,YM9WyLdBr!,1
373,Michelle Smith,1967-05-03,55,2,1,419930,Ramat_Gan,michaelmorrison@yahoo.com,(tRZni4t6c,1
374,Kim Lowery,1960-04-08,62,3,1,361244,Tel_Aviv_Yaffo,charles71@washington-cruz.com,eUVN2fWz^z,1
375,Brad Henry,1972-03-19,50,3,1,222631,Tel_Aviv_Yaffo,emily51@yahoo.com,m(2C(lwN&O,1
376,Patricia Bell,1987-06-25,35,1,1,388246,Ramat_HaSharon,dwilliams@maddox-dennis.info,$28LSpjevG,1
377,Steven Mcgee,1984-02-26,38,3,1,348074,Petah_Tikva,ikim@gmail.com,S*6d@VQfxJ,1
378,Carl Lopez,1985-04-03,37,2,1,454526,Tel_Aviv_Yaffo,charles03@villanueva-mckenzie.biz,L0Rt3a(G+A,1
379,Philip King,1971-04-09,51,3,1,277347,Tel_Aviv_Yaffo,wperez@gmail.com,Q@4Hf6iWdr,1
380,Keith Herring,1970-09-13,52,0,1,369970,Tel_Aviv_Yaffo,andrea65@hotmail.com,4b3AEBx^%i,1
381,Sarah Odom,1982-02-13,40,3,1,321275,Herzliya,jeremycase@christensen.com,!8v%Neu6^9,1
382,Christine Mills,1999-09-10,23,0,1,224360,Petah_Tikva,corymiller@hart.com,y5O$Eb_d)7,1
383,Maurice Monroe,1997-01-22,25,0,1,230886,Ramat_Gan,crossandrew@yahoo.com,^4326PIb@6,1
384,Maria Key,1991-10-20,31,3,1,309395,Ramat_Gan,tara15@wright.biz,$@5VekIIkQ,1
385,Danielle Garcia,1971-01-17,51,2,1,447748,Tel_Aviv_Yaffo,rerickson@wheeler-jefferson.org,^LTLZpBx6e,1
386,Andrew Baird,1972-04-27,50,3,1,390823,Rishon_LeTsiyon,georgerhonda@yahoo.com,2fcn42Ja!Q,1
387,Betty Hunter,1962-09-08,60,2,1,350686,Tel_Aviv_Yaffo,ibrown@hotmail.com,KD%e)jxX*0,1
388,Miranda Harris,1985-08-08,37,3,1,270114,Tel_Aviv_Yaffo,yalexander@lewis-farmer.info,G4VGgCZ+%v,1
389,Tammie Shaw,1990-05-17,32,2,1,282206,Rishon_LeTsiyon,angelacochran@washington.net,^7WT0XHXyq,1
390,Stephanie Glenn,1992-11-22,30,1,0,316474,Tel_Aviv_Yaffo,matthewcox@perry.com,@0KoPddid4,1
391,Justin Miller,1963-08-25,59,2,1,321518,Tel_Aviv_Yaffo,tsanchez@hotmail.com,#XhXZ(um2y,1
392,Jessica Lewis,1966-01-08,56,2,1,379096,Rishon_LeTsiyon,hhebert@gmail.com,&J8GBZlDQJ,1
393,Kyle Peters,1962-11-26,60,2,1,212147,Ramat_Gan,julie44@hotmail.com,MrP_I5TjU5,1
394,Andrew English,1962-06-14,60,2,1,367376,Petah_Tikva,monica93@beasley-donaldson.info,@66e6$Yg*G,1
395,Janet Adkins,1974-02-15,48,2,1,425316,Tel_Aviv_Yaffo,jason01@ward-griffin.com,+Q1iDPiiT!,1
396,Alexander Robinson,1963-04-29,59,3,1,295329,Ramat_Gan,jesusanderson@gmail.com,+V(XvbyaP0,1
397,Loretta Stone,1998-05-08,24,0,1,218613,Tel_Aviv_Yaffo,devinmurray@yahoo.com,(gAmcCIov5,1
398,Jasmine Brown,1992-12-07,30,1,1,408578,Petah_Tikva,oshaffer@hotmail.com,H_4TyX!Hqa,1
399,Stephen Mitchell,1972-08-16,50,2,1,406471,Ramat_HaSharon,jeffersonsean@camacho.net,zy)1vVy_un,1
400,Carolyn Barnes,1994-02-26,28,1,1,454100,Tel_Aviv_Yaffo,xmccormick@hayes-clark.com,IVN8Ri8X#1,1
401,Dylan Davis,1997-12-10,25,0,1,324686,Petah_Tikva,sriggs@gmail.com,uw9!vTWh^2,1
402,Harold Hale,1980-02-25,42,2,1,216649,Petah_Tikva,brownveronica@hughes.com,Tc@#7RUgEl,1
403,Robert Schneider,1971-01-20,51,2,1,329398,Herzliya,ukent@yahoo.com,X(9tB11r#s,1
404,Timothy Franco,1997-07-16,25,0,1,332614,Petah_Tikva,npalmer@hotmail.com,%8z+GQhJ+d,1
405,Scott Adkins,1986-05-10,36,2,1,427097,Tel_Aviv_Yaffo,alyssa95@garcia.org,S&yM4Etm+7,1
406,Crystal Perez,1966-05-17,56,2,1,440047,Ramat_Gan,williamskayla@deleon-espinoza.com,*13UpAUQ0k,1
407,Carol Barnes,1965-11-17,57,1,1,249215,Tel_Aviv_Yaffo,bhoover@dixon-adams.com,!5InQZAgLQ,1
408,Lawrence Peck,1985-09-12,37,1,1,308187,Tel_Aviv_Yaffo,terrellmegan@boone-berg.com,@z4cYRj$7U,1
409,James Schmidt,1974-08-18,48,4,1,296490,Petah_Tikva,gary05@hotmail.com,&s8XMvQvPs,1
410,Maria Dixon,1971-06-22,51,1,1,289971,Tel_Aviv_Yaffo,oramos@gmail.com,2I7JyRg_Z(,1
411,Erin Davis,1998-04-21,24,0,0,341064,Tel_Aviv_Yaffo,adixon@moore.biz,C%T+5rPw2i,1
412,Shannon Coleman,1988-03-03,34,3,1,405859,Ramat_HaSharon,ian33@gmail.com,!5A0yL%^oz,1
413,Cameron Adams,1968-11-17,54,1,1,448776,Petah_Tikva,bellpatrick@yahoo.com,t9_9Gd@)S@,1
414,Steve Douglas,1973-11-07,49,1,1,220326,Petah_Tikva,angela20@gmail.com,tVRdYr^9&1,1
415,John Lopez,1994-11-26,28,2,1,314413,Tel_Aviv_Yaffo,spencejustin@gmail.com,@sNOQn6H^1,1
416,Jason Nichols,1990-01-03,32,1,1,225216,Petah_Tikva,allenporter@moore.com,P^U7Q$NivB,1
417,Jacqueline Archer,1961-06-11,61,3,1,349699,Petah_Tikva,joe57@williams.net,#5ZNuVcPCd,1
418,Brandy Diaz,1980-10-17,42,4,1,369666,Rishon_LeTsiyon,xgarrison@gmail.com,IR0sVXMp$#,1
419,Danielle Russell,1989-08-27,33,1,1,346047,Tel_Aviv_Yaffo,pfisher@trevino.com,^f#S%8Pz1x,1
420,Emily Conner,1979-10-17,43,2,1,432781,Tel_Aviv_Yaffo,angela80@hughes.com,$QlU3&o8z#,1
421,Regina Stark,1967-04-03,55,2,1,228154,Rishon_LeTsiyon,jennifersanford@yahoo.com,$@12VsgaG4,1
422,Tammy Johnson,1968-11-12,54,1,1,334803,Petah_Tikva,cfinley@hotmail.com,31V(dbwP%7,1
423,Jennifer George,1988-01-24,34,0,1,442765,Petah_Tikva,wcook@smith.net,Vo_gm4Ftm9,1
424,Gabriel Smith,1990-10-02,32,3,1,222219,Tel_Aviv_Yaffo,karishaw@yahoo.com,u46LVKw4^j,1
425,Lauren Foster,1984-03-06,38,1,1,457340,Tel_Aviv_Yaffo,pweaver@arnold-briggs.com,n6(w3Uyt0(,1
426,Susan Williams,1960-01-04,62,3,1,366220,Tel_Aviv_Yaffo,monica90@hotmail.com,!2FpYK&m9O,1
427,Douglas Miller,1966-12-29,56,2,1,289380,Tel_Aviv_Yaffo,holly13@allen.net,5Y_0A4+tvQ,1
428,Tammy Thompson,1980-04-14,42,2,1,247865,Petah_Tikva,robinmichael@yahoo.com,$^Kw11EhFX,1
429,Kyle Hall,1964-09-20,58,3,0,400101,Rishon_LeTsiyon,smithgeorge@hotmail.com,h9_!QdwL(h,1
430,Marcus Burns,1990-02-24,32,1,1,451794,Petah_Tikva,michael09@yahoo.com,+d4TmfrEMN,1
431,Jason Patel MD,1965-09-10,57,3,1,358042,Rishon_LeTsiyon,jessica00@hotmail.com,*n^yBbml+6,1
432,Elizabeth Adams,1962-11-10,60,2,0,385587,Ramat_HaSharon,rachael70@zhang.com,kI#5DVoht1,1
433,Kimberly Hunt,1984-05-11,38,5,1,335336,Tel_Aviv_Yaffo,bendercourtney@bautista-waller.com,Z^k27WVtNs,1
434,Nicole Clark,1991-10-04,31,2,1,324037,Tel_Aviv_Yaffo,eterry@quinn-graves.org,T2_OSwGx(7,1
435,Ruben Roberts,1973-03-06,49,2,1,360346,Tel_Aviv_Yaffo,charles12@yahoo.com,M17fZtfs$M,1
436,James Moore,1964-12-24,58,3,1,301738,Tel_Aviv_Yaffo,harrisrachel@yahoo.com,(32V!alJ4),1
437,Christopher Johnson,1991-01-28,31,2,1,228155,Tel_Aviv_Yaffo,rfrench@caldwell.com,W+J9zVhln+,1
438,Patrick Ortiz,1989-05-28,33,2,1,270880,Petah_Tikva,gflores@yahoo.com,m0UK@WA+@T,1
439,Kyle Ford,1971-05-07,51,2,0,268931,Petah_Tikva,francismichael@yahoo.com,$D3JKOtnU_,1
440,Denise Chase,1966-11-29,56,2,1,371906,Tel_Aviv_Yaffo,garciatimothy@yahoo.com,caMmHpXM(6,1
441,Randall Combs,1997-11-28,25,0,1,339143,Ramat_Gan,goodsherri@gonzalez-brown.net,np0FD!sD(),1
442,Monica King,1983-06-25,39,3,1,420381,Tel_Aviv_Yaffo,bshannon@rose.com,e5sZKG@z_o,1
443,Megan Foster,1969-09-13,53,3,0,235962,Tel_Aviv_Yaffo,yperry@roman.com,+y2wlwPWj(,1
444,Gary Spencer,1998-06-09,24,0,0,423605,Rishon_LeTsiyon,leviramirez@yahoo.com,@R7Rm31ts),1
445,Amanda Adams,1963-10-11,59,3,1,217790,Tel_Aviv_Yaffo,gcole@gmail.com,!$98Or9zHX,1
446,Tyler Donaldson,1978-06-01,44,2,1,369036,Ramat_Gan,deborahfrank@simmons.net,#8Sa1uhg(Q,1
447,Dwayne Patel,1966-10-04,56,1,0,453848,Tel_Aviv_Yaffo,alfred51@miller.com,m!$n3!Fg%7,1
448,Scott Bryan,1979-08-02,43,2,1,466628,Tel_Aviv_Yaffo,murraybrian@hotmail.com,9YUIKZ0o#e,0
449,James Brown,1971-03-06,51,2,1,357083,Rishon_LeTsiyon,kimberlyblair@martin.com,F%53As8e+V,1
450,Andrew Hays,1994-09-05,28,1,1,385514,Petah_Tikva,smiller@yahoo.com,+26BeJSk1U,1
451,Lindsey Horne,1967-02-20,55,3,1,326750,Tel_Aviv_Yaffo,awilliams@matthews-jones.com,N8)XbYm$+R,1
452,Bradley Jackson,1973-04-13,49,3,1,371063,Rishon_LeTsiyon,leon66@petersen-edwards.com,)19VVDlKA7,1
453,Erin Gregory,1986-10-10,36,3,1,321311,Rishon_LeTsiyon,valdezeugene@hotmail.com,&!ZGXtay%9,1
454,Sean Thompson,1992-12-23,30,1,1,302347,Tel_Aviv_Yaffo,lewismike@jones.biz,wbX7Kgu&Z),1
455,Joanna Griffin,1969-08-15,53,2,1,444940,Tel_Aviv_Yaffo,mark09@diaz.com,LB3T(qLx%l,1
456,Jason Sims,1972-06-26,50,2,1,221488,Petah_Tikva,leslie35@hotmail.com,_4Hvr+)RAd,1
457,Katie Hernandez,1966-02-20,56,2,1,414388,Rishon_LeTsiyon,brooksevan@yahoo.com,55_cQwI2(b,1
458,Christine Brooks,1985-09-18,37,1,1,259977,Tel_Aviv_Yaffo,andersonshelby@hotmail.com,(j5^CVXrS1,1
459,Timothy Brown,1969-09-13,53,4,1,417506,Tel_Aviv_Yaffo,simmonstimothy@vega.com,32*DzAr9(B,1
460,Kellie French,1974-08-30,48,2,1,390526,Tel_Aviv_Yaffo,farmersean@yahoo.com,FvU8D*g_&6,1
461,Tony Vasquez,1960-12-16,62,1,0,273019,Rishon_LeTsiyon,garywashington@ruiz.com,!)P$JCjUy4,1
462,Norma Maldonado,1987-03-12,35,1,1,350458,Rishon_LeTsiyon,ohunter@fry.info,b8P%7E(n2t,1
463,Joseph Castillo,1993-06-01,29,1,1,297503,Tel_Aviv_Yaffo,manderson@wiley.com,2)1pI&h+3e,1
464,Courtney Morgan,1966-12-06,56,2,1,210151,Petah_Tikva,bchen@solis.com,rO5PvI7N@9,1
465,Christopher Day,1999-12-14,23,0,1,299962,Tel_Aviv_Yaffo,rodriguezjean@davis.com,*4RP$EBgrK,1
466,Charles Anderson,1979-02-28,43,2,1,387607,Tel_Aviv_Yaffo,bnicholson@johnson.org,g2K!2EuiQ(,1
467,Kevin Norris,1975-12-28,47,2,0,334534,Rishon_LeTsiyon,michelle81@hotmail.com,@0QYbpt1uc,1
468,Jennifer King,1980-10-19,42,2,1,431513,Rishon_LeTsiyon,reynoldsdana@greene-edwards.net,^kPAxGqV#8,1
469,Miss Angela Barnett DDS,1998-02-07,24,0,1,325304,Petah_Tikva,jamie50@hotmail.com,ilv#1Fu6xa,1
470,Michael Johnson,1968-01-11,54,2,1,295173,Tel_Aviv_Yaffo,gonzalezmatthew@gmail.com,2_CHgCfA%B,0
471,Andrea Davis,1996-01-02,26,0,0,253818,Tel_Aviv_Yaffo,gjacobs@hotmail.com,AklD9Itnm&,1
472,Alyssa Larson MD,1999-08-14,23,0,1,354602,Ramat_Gan,wbarnes@harris.com,&@21rEFoCt,1
473,Sandra Rodriguez,1986-06-24,36,3,1,453194,Tel_Aviv_Yaffo,stantondarlene@larsen.info,j#7OrCsVp7,1
474,Hannah Cisneros,1979-06-03,43,4,1,248577,Tel_Aviv_Yaffo,thomas17@yahoo.com,D4_#3ILopI,1
475,Olivia Adams,1989-02-18,33,1,1,464907,Tel_Aviv_Yaffo,flemingmichael@miranda.com,$)4IA%HiO&,1
476,Jordan Nguyen,1995-09-26,27,0,1,385556,Tel_Aviv_Yaffo,chancock@perez-howell.com,!sEYm7$ui3,1
477,Craig Williams,1985-03-21,37,1,0,407363,Tel_Aviv_Yaffo,collinfigueroa@gmail.com,vbgn02GxF(,1
478,Joel Bray,1998-12-12,24,0,1,271681,Petah_Tikva,tyler26@gmail.com,^aKgI3LvM7,1
479,Heather Bowman,1995-07-05,27,0,1,252904,Petah_Tikva,kglass@gmail.com,_f*78RBH2B,1
480,Carlos Joyce,1986-08-01,36,2,1,386762,Rishon_LeTsiyon,rebeccamcknight@yahoo.com,F$(W8Cv5jw,1
481,Kelly Hopkins,1973-02-19,49,3,1,393845,Tel_Aviv_Yaffo,brennaneric@jackson.com,@QWVaEvR0X,1
482,Curtis Graves,1986-01-20,36,1,1,272542,Ramat_Gan,campbelladam@hotmail.com,5g#(0TprY@,1
483,Sara Murray,1999-09-02,23,0,1,375456,Tel_Aviv_Yaffo,sean43@hendrix-hardy.net,LY+#5Yy$@B,1
484,Linda Thomas,1998-11-05,24,1,1,284997,Tel_Aviv_Yaffo,dustinvillegas@sims-garcia.com,(TZR8(0la9,1
485,Jason Hudson,1985-03-29,37,0,1,329410,Tel_Aviv_Yaffo,annahuffman@yahoo.com,@Y&J@2TenM,1
486,Dakota Murphy,1979-08-11,43,3,1,331386,Tel_Aviv_Yaffo,shelby41@santiago.com,cw5Aa8Ze*C,1
487,Paul Hurst,1963-11-19,59,3,1,412041,Tel_Aviv_Yaffo,jonathanhernandez@yahoo.com,_Il6YXa&+!,1
488,Christopher Hansen,1970-02-21,52,2,1,443128,Tel_Aviv_Yaffo,mmills@hotmail.com,wP%5!Y4L(7,1
489,Steven Simmons,1979-03-30,43,1,0,219900,Ramat_HaSharon,fsmith@andrews.com,d8QJ#Vkw%J,1
490,Dominique Flores,1974-06-16,48,2,1,438921,Ramat_Gan,fkim@burgess.info,#OZXbMceJ8,1
491,James Horn,1984-12-09,38,1,1,351882,Petah_Tikva,marissa87@yahoo.com,nEq9JUa3*S,1
492,Alexandra Zhang,1977-04-21,45,3,1,299332,Petah_Tikva,carlyhawkins@hotmail.com,guq3uiZr+0,1
493,Jessica Gonzales,1997-02-12,25,1,1,365766,Tel_Aviv_Yaffo,erin73@hotmail.com,!4p^UF(nCn,1
494,Andrew Castro,1988-08-10,34,1,1,454485,Tel_Aviv_Yaffo,amanda31@gmail.com,!9PImeOHHH,1
495,Sarah White,1988-07-12,34,1,1,467334,Tel_Aviv_Yaffo,dale84@hotmail.com,KS3xUnhTY(,1
496,John Mcdaniel,1977-09-27,45,2,1,309547,Tel_Aviv_Yaffo,lewiscory@ross.com,IJ)QL7Yl#v,1
497,Robert Manning,1982-06-01,40,1,1,242450,Ramat_Gan,brooke91@miles.com,_qOr^(rmz1,1
498,Luke Day,1986-10-28,36,2,1,384029,Ramat_Gan,danielolson@hotmail.com,C^8pHfoEjk,1
499,Diane Singh,1994-02-17,28,3,1,233206,Tel_Aviv_Yaffo,kristina45@gmail.com,OZ%3$LXr_*,1
500,Stephen Perez,1970-05-01,52,5,1,359274,Tel_Aviv_Yaffo,tdoyle@ross.info,(7IHUNwvXV,1
501,James Davis,1977-09-10,45,2,1,276897,Tel_Aviv_Yaffo,rebecca04@stark.biz,^j2GZHgv_V,1
502,Catherine Patel,1965-03-30,57,2,1,217585,Ramat_HaSharon,salazaredward@weaver.com,rZ#6IdJ$cS,0
503,Andrea Franco,1981-02-17,41,1,1,458021,Tel_Aviv_Yaffo,otran@bell.info,X@$93NJs^b,1
504,Regina Garza,1987-03-20,35,1,0,319447,Tel_Aviv_Yaffo,eanderson@yahoo.com,x*7xyTFn+y,1
505,Danielle Reynolds,1984-12-02,38,3,1,318041,Tel_Aviv_Yaffo,saraschmidt@yahoo.com,98t5HYDm&0,1
506,Edgar Wood,1986-04-03,36,2,1,420806,Ramat_Gan,ivasquez@hotmail.com,N15xdBld$a,1
507,Christian Harrison,1969-07-04,53,2,0,423036,Tel_Aviv_Yaffo,krivera@yahoo.com,(Z6Q%RQx@L,1
508,Lisa Kane,1969-07-22,53,2,1,436104,Ramat_HaSharon,qbradshaw@coffey.info,mn5p!Zkl#2,1
509,Seth Foster,1983-10-22,39,1,1,259012,Tel_Aviv_Yaffo,matthew91@gmail.com,&Hc1cZsgfi,1
510,Natalie Lowe,1972-07-15,50,2,1,306214,Tel_Aviv_Yaffo,nathaniel75@hotmail.com,#9wyMgQm#O,1
511,Jose Rubio,1998-09-15,24,1,1,302188,Tel_Aviv_Yaffo,christinasnyder@duncan-dennis.net,_b2LrFxT&%,1
512,James Martinez,1985-09-17,37,2,1,445860,Tel_Aviv_Yaffo,charlotte29@guzman.info,5uc9gcZwh*,1
513,Maria Jones,1996-07-28,26,0,1,422153,Ramat_HaSharon,patrick57@gmail.com,&^kY$5Ey((,0
514,Patrick Dudley,1986-02-28,36,2,1,453143,Tel_Aviv_Yaffo,cjames@young.biz,ob)8Nzr*h_,1
515,James Schneider,1962-03-12,60,2,1,344709,Ramat_HaSharon,houstonjoseph@lopez.com,Jz%2lA9h*8,1
516,Connie Rose,1971-03-20,51,1,1,373212,Petah_Tikva,baileyapril@yahoo.com,+8%QqJwrF5,1
517,Kyle Williams,1960-07-09,62,1,0,428585,Petah_Tikva,adrienne03@yahoo.com,*%Jz0ZtE#n,1
518,Sheila Marshall,1963-11-12,59,1,1,308519,Tel_Aviv_Yaffo,sandersthomas@hotmail.com,Ha%nj0LiO&,1
519,Kevin Rangel,1996-07-12,26,0,1,252343,Ramat_Gan,harrismeagan@graham.org,hm0Nv&NW_b,1
520,Erica Moody,1997-04-06,25,0,0,435950,Tel_Aviv_Yaffo,mitchelljeffrey@robinson-mcneil.net,9$N69GOu8+,1
521,Emily Pena,1973-04-09,49,2,1,222141,Petah_Tikva,ellisbrianna@hensley-huerta.com,i(Tx_4ShR0,1
522,Lisa Williams,1961-12-27,61,2,1,234042,Tel_Aviv_Yaffo,davidvalencia@schultz.org,!*#3QjpFUY,1
523,Jill Duncan,1970-12-17,52,2,1,467205,Rishon_LeTsiyon,jgarcia@gmail.com,$8gOSVbpWT,1
524,Katie Miller,1967-07-13,55,2,1,241378,Tel_Aviv_Yaffo,rodriguezcaitlin@smith-chase.com,K$V1qOZm*I,1
525,Stephanie Williams,1992-07-31,30,1,1,449459,Tel_Aviv_Yaffo,hayesalex@morton-peterson.info,7VCvRqm%@W,1
526,Kristine Miller,1962-04-13,60,1,1,220180,Tel_Aviv_Yaffo,thomasbarnes@strickland.com,)4x7D5ky8f,1
527,Brian Ellis,1961-02-22,61,0,1,365632,Tel_Aviv_Yaffo,seancowan@hunter-smith.com,e$D9yEjsT3,1
528,Nathan Powell,1991-11-10,31,2,1,250225,Tel_Aviv_Yaffo,howardkristina@buchanan-steele.com,+j&R4BgnqV,1
529,Marissa Craig,1982-11-23,40,4,1,356687,Tel_Aviv_Yaffo,roger74@ward.com,%nk7IOpj^6,1
530,John Mendez,1964-12-02,58,3,1,239118,Tel_Aviv_Yaffo,yvang@jones.com,5!K2JnrxAl,1
531,Dr. Anthony Burch,1994-01-19,28,0,1,368929,Rishon_LeTsiyon,sotoaaron@richardson.com,%wYLtmy0P3,1
532,Michael Warren,1964-11-25,58,2,1,390654,Tel_Aviv_Yaffo,edgaranderson@ashley.biz,*X1tQJa7Qj,1
533,Alexandra Villa,1997-06-23,25,0,1,366916,Tel_Aviv_Yaffo,davidgarza@watson.com,@3H(PsqsmL,1
534,Anthony Simmons,1964-07-17,58,2,1,305734,Tel_Aviv_Yaffo,christensendaniel@hotmail.com,!3yBAPxu9a,1
535,Olivia Wheeler,1981-07-26,41,2,1,265648,Tel_Aviv_Yaffo,juanjackson@yahoo.com,4g8TQQki*w,1
536,Gabrielle Taylor,1977-10-08,45,2,1,375163,Petah_Tikva,kyle33@mills.com,+*ImbSIo&7,1
537,Nicole Johnson,1970-10-07,52,1,1,239402,Petah_Tikva,mjohnson@welch.info,1()6Z6VxAd,1
538,Melissa Rice,1961-06-01,61,3,1,313839,Tel_Aviv_Yaffo,shannon00@harrison.com,)#23aYNd+3,0
539,Dale Morales,1969-10-10,53,2,1,217093,Rishon_LeTsiyon,brittanybarker@rogers.biz,&*0%U)eOHw,1
540,Alicia King,1991-02-20,31,2,1,376017,Tel_Aviv_Yaffo,scottsteve@gmail.com,c4XRRWxM_u,1
541,Crystal Brown,1999-09-03,23,0,1,296848,Tel_Aviv_Yaffo,williamsdavid@yahoo.com,$1Qnk2Uv_r,1
542,Kim Thompson,1984-10-07,38,1,1,306078,Tel_Aviv_Yaffo,heather69@snow.com,pC5AC^Zd_J,1
543,Jesse Hutchinson,1991-06-02,31,3,1,210100,Tel_Aviv_Yaffo,ysullivan@hotmail.com,$8@LEGRUfL,1
544,Tony Moore,1974-10-29,48,1,1,415419,Petah_Tikva,bethanyphelps@gmail.com,)4ci0U9e7B,1
545,William Gibson,1962-01-09,60,4,1,258523,Petah_Tikva,deckerwilliam@osborne.com,XL$9UZHcpP,1
546,Lisa Landry,1984-09-09,38,1,1,236406,Ramat_Gan,nschneider@hotmail.com,G4VqjHAs_V,1
547,Jesse Hardy,1968-10-10,54,3,1,280261,Tel_Aviv_Yaffo,baileystephen@mullen.biz,nc8lInzo5+,1
548,Lori Yates,1994-11-02,28,1,1,378300,Tel_Aviv_Yaffo,smithmatthew@hotmail.com,@lRvAW2y5o,0
549,Brian Mills,1987-11-01,35,1,1,233852,Rishon_LeTsiyon,rpatterson@gmail.com,!4S35w)sF!,1
550,Justin Cooley,1962-07-04,60,2,0,458179,Ramat_Gan,franciscorich@schmidt.com,@V2TJCQiJ0,1
551,Stephanie Stanley,1994-04-16,28,3,1,212696,Tel_Aviv_Yaffo,rebecca89@hotmail.com,%1keZIvcE),1
552,Brian Patrick,1966-02-19,56,4,1,309721,Tel_Aviv_Yaffo,wardchelsea@hotmail.com,GVVaKkgq$4,1
553,John Mccullough,1978-07-16,44,1,1,269815,Tel_Aviv_Yaffo,ashleybrown@yahoo.com,(%L5LKJDpj,1
554,Donna Griffith,1972-11-30,50,2,1,272059,Ramat_HaSharon,ymurray@gmail.com,%2WOH8xyD2,1
555,Brenda Frey,1975-07-06,47,4,1,241409,Petah_Tikva,brian62@gmail.com,Uo6AlQkq%(,1
556,Crystal Phelps,1998-07-24,24,0,1,263023,Ramat_Gan,stevensoncurtis@turner.biz,0#@HGBzl+p,1
557,Michelle Rangel,1985-02-04,37,4,1,259741,Petah_Tikva,ojackson@brock.info,^C72!Ct49c,0
558,Gina Singh,1978-02-15,44,4,1,237404,Ramat_HaSharon,richard34@smith.com,RDiMb2ecS+,1
559,Ryan Hunter,1968-01-26,54,3,1,336772,Ramat_HaSharon,mholland@hotmail.com,p%23Q#le%n,1
560,Brian Lee,1979-03-21,43,1,1,451006,Ramat_Gan,robertross@gmail.com,m+@1rK+Gcv,1
561,Victor Holder,1967-11-02,55,2,1,254077,Tel_Aviv_Yaffo,megan62@mcneil.com,1ziDI@jM@1,1
562,Chad Moreno,1968-08-04,54,2,1,336048,Tel_Aviv_Yaffo,mariabailey@yahoo.com,r8e0FNB*^b,1
563,Adam Nguyen,1965-02-11,57,2,1,213199,Rishon_LeTsiyon,oliverdanielle@wright.com,&q2R(_Zf+1,1
564,Hunter Gordon,1964-07-23,58,2,1,338701,Tel_Aviv_Yaffo,dennisnicole@gmail.com,n+5Ji_Heh#,0
565,Kathy White,1987-10-01,35,1,1,401544,Tel_Aviv_Yaffo,finleytimothy@yahoo.com,gk+HP6W93%,1
566,John Fox,1969-06-14,53,1,1,342187,Tel_Aviv_Yaffo,davidgray@adams.com,j!4KVUdHiZ,1
567,Andrea Hudson,1970-04-30,52,4,1,241793,Rishon_LeTsiyon,matthew58@yahoo.com,i#D1K+gU*9,0
568,Jeffrey Sanchez,1978-08-02,44,1,1,468757,Rishon_LeTsiyon,bacosta@flores.com,3L9xdVfh@a,1
569,Benjamin Leonard,1987-08-17,35,1,1,466190,Tel_Aviv_Yaffo,heather61@hotmail.com,WnziMOCU&4,1
570,Michael Brown,1976-08-08,46,3,1,214938,Petah_Tikva,rosemichael@hutchinson-gray.info,$hETjWo1I9,1
571,Austin King,1967-09-15,55,1,1,346519,Tel_Aviv_Yaffo,mgilbert@snyder.com,A1BZ&cUr^1,1
572,Marisa Bonilla,1975-08-02,47,1,1,293037,Tel_Aviv_Yaffo,guybradley@gmail.com,@X2rPOodj2,1
573,Steven Bryant,1960-07-01,62,1,1,397830,Tel_Aviv_Yaffo,warrensimpson@gmail.com,&%YYYg*o#4,1
574,Jon James,1977-08-12,45,3,1,212498,Rishon_LeTsiyon,robert82@bradley-reed.com,*vJD2UQc(B,1
575,Cynthia Smith,1978-10-02,44,2,1,230433,Tel_Aviv_Yaffo,melinda31@brown.com,)O5!z#Mv#@,1
576,Elizabeth Short,1996-12-22,26,0,1,301080,Rishon_LeTsiyon,dcastillo@yahoo.com,23PL1@Hwp%,1
577,Dale Davis,1978-01-15,44,2,1,253456,Tel_Aviv_Yaffo,toddnewman@yahoo.com,1l0LLKMc_6,1
578,Madison Watson,1961-08-17,61,2,1,284479,Petah_Tikva,ryan90@gmail.com,O1DN8bQ6+f,1
579,James Summers,1991-07-14,31,3,1,281113,Tel_Aviv_Yaffo,jaimegriffin@brown-anderson.com,!BT#n+MkE0,1
580,David Hardy,1999-04-01,23,0,1,230145,Petah_Tikva,mccoydeborah@hotmail.com,%V2p1X(otG,1
581,Kayla Brady,1977-08-03,45,2,1,346168,Tel_Aviv_Yaffo,imcknight@nguyen.biz,q@$0P76aKO,0
582,Robert Kelly,1982-07-03,40,1,1,351427,Tel_Aviv_Yaffo,zhowell@hotmail.com,)#LCy8Qt%a,1
583,Kristen Mueller,1986-01-31,36,1,1,397968,Petah_Tikva,douglas92@yahoo.com,)$AJwPPer3,1
584,Barbara Wallace,1973-03-24,49,1,1,330365,Tel_Aviv_Yaffo,schneidermatthew@gmail.com,3cREWdAh#4,1
585,Dean Miller,1960-12-18,62,2,0,451179,Tel_Aviv_Yaffo,grossautumn@mckee.com,^4K$VNvA^T,1
586,Scott Cordova,1982-11-17,40,2,1,435585,Petah_Tikva,ewingkimberly@gmail.com,s6WgN$tp@8,1
587,Ashley Sanchez,1971-09-16,51,1,1,339714,Tel_Aviv_Yaffo,laurencollier@gmail.com,uxG522Ge%6,1
588,Samantha Bridges,1991-07-20,31,2,1,354919,Petah_Tikva,russelljoshua@yahoo.com,lxIAh3Ua&2,1
589,William Schroeder,1965-12-28,57,2,1,215788,Tel_Aviv_Yaffo,amejia@kelley.org,2WB)hXql^J,1
590,Robert Vasquez,1981-11-13,41,3,1,312872,Petah_Tikva,danielle22@yahoo.com,z8Zk_+fD)Q,1
591,Joann Collins,1995-03-26,27,0,1,445326,Petah_Tikva,martha82@yahoo.com,v^8IZr94&m,1
592,Michelle Mccoy,1967-04-09,55,3,0,374469,Tel_Aviv_Yaffo,nicholas53@wilson.net,*OfFKRsf5z,0
593,Jerry Nicholson,1981-09-06,41,1,1,439528,Tel_Aviv_Yaffo,mary99@hotmail.com,f$x$5XLo)X,1
594,Robert Arnold,1970-07-31,52,2,1,342951,Herzliya,richardortiz@hotmail.com,5kOfr##w(E,1
595,Jessica Clark,1965-10-08,57,3,1,223838,Petah_Tikva,rosssteven@gmail.com,+HWv0Cel*u,1
596,Desiree Nichols,1976-12-13,46,2,1,397605,Tel_Aviv_Yaffo,gutierrezmichael@gmail.com,^04Wqt$!Ye,0
597,Lisa Myers,1986-12-25,36,3,1,240829,Tel_Aviv_Yaffo,shelby62@cummings.org,#MLP%fJgm8,1
598,Kimberly Williams,1998-02-08,24,0,1,354626,Petah_Tikva,iwilliams@gmail.com,GzE!9M$le8,1
599,Philip Johnson,1994-10-26,28,1,1,395826,Tel_Aviv_Yaffo,gcompton@yahoo.com,@1osPQZo5B,1
600,Mrs. Gwendolyn Johnson,1985-03-27,37,2,0,247613,Tel_Aviv_Yaffo,ggarcia@yahoo.com,%9KYjE!w)s,1
601,Gabriel Jones,1980-01-17,42,1,1,368568,Rishon_LeTsiyon,juliahuerta@yahoo.com,+8Bpp5M8PJ,1
602,Melissa Valenzuela,1983-09-21,39,3,1,351143,Tel_Aviv_Yaffo,jamietrevino@hotmail.com,!HC2kTYx&4,1
603,Kimberly Wilson,1986-07-04,36,1,1,437394,Rishon_LeTsiyon,fowlerashley@hotmail.com,(X3hS4gg*z,1
604,Ashley Craig,1973-03-18,49,1,1,399390,Tel_Aviv_Yaffo,wvazquez@yahoo.com,2O8Mzq5v(&,1
605,Dustin Hill,1971-12-28,51,4,1,466118,Petah_Tikva,wallkenneth@rich.biz,+9b9UGcl(Z,1
606,Dawn Peterson,1989-03-26,33,3,1,278104,Petah_Tikva,hallsteven@yahoo.com,Dp#0aPed+O,1
607,Antonio Schaefer,1978-04-11,44,2,1,356671,Tel_Aviv_Yaffo,brownchristopher@hotmail.com,!kD(QpzL$9,1
608,Chad Vincent,1973-03-20,49,1,0,334198,Tel_Aviv_Yaffo,jessica50@nunez-jones.com,n&)7hUkW5o,1
609,Jonathan Rodriguez,1967-10-25,55,2,1,247289,Tel_Aviv_Yaffo,williamstammy@hotmail.com,@dI6R^tGW8,1
610,Kayla Anderson,1997-12-11,25,1,1,234114,Tel_Aviv_Yaffo,marthaholmes@knight.com,$5GWe0Q+Vs,1
611,Peter Simmons,1972-11-02,50,2,1,338076,Tel_Aviv_Yaffo,oadams@williams.info,C4d5GWub+j,1
612,Wendy Ferguson,1970-01-10,52,1,1,385808,Petah_Tikva,wwood@cannon.com,5hifAA^n)a,1
613,James Johnson,1978-08-28,44,1,1,296672,Petah_Tikva,zwarren@roberson-davis.net,*8kJouDRJs,1
614,Justin Johnson,1960-01-27,62,1,1,443456,Petah_Tikva,wendyrowe@brown.org,)0^MpcGF3j,1
615,Bradley Shaw,1974-09-30,48,1,1,378136,Petah_Tikva,fhickman@lopez-oliver.biz,Y0Q!L$eB+P,1
616,Robert Juarez,1997-03-17,25,0,1,279076,Petah_Tikva,luisrice@adams-haas.com,Z#4NOPl$Pg,1
617,Ian Mitchell,1981-08-11,41,2,1,368308,Tel_Aviv_Yaffo,kurt52@stafford-ellison.com,Sa0V1SXbb&,1
618,Jeffrey Hughes,1996-04-06,26,1,1,233408,Petah_Tikva,chad06@cohen.biz,iZ0Qvfm_*S,1
619,Erica Hernandez,1998-03-18,24,0,1,443589,Tel_Aviv_Yaffo,julie78@yahoo.com,w#3t9IUlaW,1
620,Olivia Spears,1996-06-21,26,0,1,345445,Tel_Aviv_Yaffo,nicoletran@hotmail.com,%v3OoLJv(_,1
621,Todd Wilson,1996-03-12,26,0,1,346054,Tel_Aviv_Yaffo,blake30@gmail.com,5NBxmrRJ^6,1
622,Erika Petty,1967-03-03,55,2,1,261833,Petah_Tikva,popeanna@gmail.com,XoJVAWVt)1,1
623,Dawn Dyer,1987-03-21,35,3,1,308674,Tel_Aviv_Yaffo,wayneellison@hotmail.com,*j9SyTomVa,1
624,Michael Moses,1994-05-03,28,2,1,336065,Petah_Tikva,chrisjohnson@berger.com,&9(AY2oJi0,1
625,Lisa Harris,1964-09-27,58,2,1,234604,Tel_Aviv_Yaffo,laura85@gmail.com,3a5MTgiRL&,1
626,Daniel Moore,1972-05-13,50,2,0,313505,Petah_Tikva,anitanelson@whitehead.biz,sF9VAtuS!i,1
627,Jessica Price,1976-04-21,46,0,0,287779,Petah_Tikva,wobrien@yahoo.com,8_WtrRU4$5,1
628,Jordan Garza,1993-06-01,29,3,0,226722,Petah_Tikva,rebecca85@gmail.com,2^Dfp1IvXg,1
629,Edward Richmond,1963-01-18,59,2,1,280938,Petah_Tikva,clarksabrina@murphy.com,)dEt)JPuH1,1
630,Courtney Walters,1963-10-14,59,1,1,468724,Tel_Aviv_Yaffo,vgamble@lowe-wilson.com,57Bm9rrO#+,1
631,Ian Mccoy,1988-04-30,34,1,1,232828,Ramat_Gan,jasonramsey@howell.com,25MC6#ef!R,1
632,Sarah Thompson,1976-02-07,46,1,1,425111,Rishon_LeTsiyon,jonesjason@washington.com,$0EXcfvfQq,1
633,Timothy Lester,1972-10-07,50,5,1,440200,Ramat_Gan,hughesbrenda@yahoo.com,u8fZ9ps6)@,1
634,Michelle Velazquez,1986-06-05,36,4,1,335201,Ramat_Gan,alexander22@johnson-acevedo.info,(b1cGNzZy9,1
635,William Simmons,1966-01-12,56,2,1,239801,Ramat_Gan,johnsoncarl@yahoo.com,f9Qk1&Xf)4,1
636,Anthony Wright,1962-08-31,60,2,1,234159,Tel_Aviv_Yaffo,rcollier@gmail.com,+5yaKrVw9m,1
637,Mary Pace,1984-12-25,38,2,1,407044,Rishon_LeTsiyon,mcguiretina@gmail.com,T(ccI6Tx*9,1
638,Felicia Smith,1961-03-11,61,3,1,455901,Tel_Aviv_Yaffo,bradleypowell@chen.com,%3pAlZiYLW,1
639,Tyler Steele III,1963-10-01,59,1,1,334547,Petah_Tikva,atkinsonandrea@hotmail.com,5D$SvqQf!),1
640,Sandra Castro,1962-11-21,60,2,1,283539,Herzliya,tiffany01@velasquez-ferguson.com,*3pDbnUlbS,1
641,Martin Jackson,1986-05-21,36,3,1,439304,Ramat_HaSharon,john87@hotmail.com,#%cRo_ak4a,1
642,Carl Boyd,1960-06-09,62,2,1,453489,Tel_Aviv_Yaffo,terryyvette@logan.com,+2(7Bauyvg,1
643,Valerie Castaneda,1972-09-18,50,1,1,296144,Tel_Aviv_Yaffo,jasmine57@williams-collins.net,n7uNI^Tz&1,1
644,Ronnie Smith,1973-03-03,49,2,1,267343,Tel_Aviv_Yaffo,palmerkimberly@hotmail.com,7mFEcLsV%b,1
645,Gregory Livingston,1976-05-08,46,1,1,406570,Tel_Aviv_Yaffo,osborneelizabeth@gmail.com,(ThQ0BvGas,1
646,Craig Roberts,1986-01-14,36,1,1,216527,Ramat_HaSharon,rodney86@ramirez-brown.com,WVpa4WmHw_,1
647,Steven Harris,1994-01-16,28,2,1,359346,Ramat_HaSharon,owenbrittany@poole.net,z&_0JVOta%,1
648,Lauren Clark,1972-01-13,50,2,1,303355,Tel_Aviv_Yaffo,dillon32@gmail.com,x3GXOLHn(k,1
649,Gina Cox,1971-06-20,51,3,1,300307,Herzliya,thompsonjessica@gmail.com,(331EMpKda,1
650,Donna Davis,1963-04-28,59,3,1,215148,Rishon_LeTsiyon,ucowan@thornton-stuart.com,660SYFva^U,1
651,April Rhodes,1994-12-17,28,3,1,468962,Tel_Aviv_Yaffo,timothyharris@gmail.com,7)g9Xgn)J(,1
652,Michael Wagner,1966-05-23,56,3,1,267001,Ramat_Gan,woodamber@gmail.com,Gr8Xfog3)#,1
653,Richard Myers,1993-09-05,29,1,0,372331,Ramat_Gan,melinda45@hotmail.com,ziIOYu#i&9,0
654,Samantha Allen,1972-01-04,50,1,1,351490,Tel_Aviv_Yaffo,kimberlyaguilar@brooks.com,4dEHsE$z!8,1
655,Kristina Anderson,1999-03-06,23,0,1,427382,Rishon_LeTsiyon,alexanderbruce@hinton.com,)gvQD8Lc!g,1
656,Christy Simon,1998-09-22,24,0,1,225546,Tel_Aviv_Yaffo,courtneyvillegas@gmail.com,3%l9EtjF+b,0
657,Stephanie Graves,1987-04-30,35,1,1,235737,Tel_Aviv_Yaffo,herrerajason@hotmail.com,qM@0Bltz(6,1
658,Edward Gross,1985-12-17,37,0,1,454228,Petah_Tikva,wendy49@washington-boyd.net,5o5uupUh4#,1
659,Dave Garcia,1978-07-04,44,1,1,407086,Petah_Tikva,mhale@gmail.com,#xbMXCWn4Y,1
660,Keith Smith,1965-07-31,57,5,1,229946,Tel_Aviv_Yaffo,dsmith@ayers.com,3fQimwGp!4,1
661,Wendy Porter,1972-06-20,50,1,1,232989,Petah_Tikva,ecollins@rodriguez.com,u7goyuW_%6,1
662,Gina Jackson,1970-02-26,52,1,1,464399,Tel_Aviv_Yaffo,james24@gmail.com,&bNu&1DvZ9,1
663,Debbie Ellis,1965-11-14,57,2,1,310864,Tel_Aviv_Yaffo,kimberly64@hotmail.com,+4IXt4wVO3,1
664,John Perry,1979-01-31,43,2,1,358836,Ramat_Gan,donna67@montoya.info,$uLG4Z9hM6,1
665,Michael Armstrong,1981-05-31,41,1,1,232180,Petah_Tikva,michael91@young.info,A@L85l^zzA,1
666,Joseph Henry,1993-04-10,29,1,0,407215,Rishon_LeTsiyon,vjones@mccullough.net,$w9y%qDqL#,1
667,Katelyn Parker,1992-11-24,30,2,1,242858,Tel_Aviv_Yaffo,mathewsimpson@yahoo.com,s69+qzYc#X,1
668,Hailey West,1988-10-15,34,1,1,352328,Ramat_Gan,walkervictoria@thomas-johnson.net,!Q2L%R#01v,1
669,Randall Hall,1967-10-17,55,1,1,217593,Petah_Tikva,lindakelly@peters.com,9(3P3ea$+2,1
670,Steven Kaiser,1978-10-18,44,1,1,361980,Tel_Aviv_Yaffo,danielle45@terry.com,*p0dLV_k$9,1
671,Charles Wright,1973-07-27,49,2,1,373520,Ramat_HaSharon,leedavid@west.info,c)24L2Hq*W,1
672,Kara Alvarez,1965-01-30,57,3,1,459046,Ramat_Gan,campbellmatthew@yahoo.com,0OyRzdDG$R,1
673,Michael English,1975-11-03,47,1,1,330293,Tel_Aviv_Yaffo,micheal71@gmail.com,!+DSLl+X+2,1
674,Caroline Lopez,1986-10-16,36,2,1,420763,Ramat_HaSharon,lfrank@yahoo.com,*nLEXGyaM2,1
675,Jacqueline Mcdonald,1973-10-08,49,2,1,232517,Rishon_LeTsiyon,david97@zamora.biz,H$55HroOq*,1
676,Devon Hernandez,1966-09-13,56,1,1,212434,Rishon_LeTsiyon,davismargaret@hotmail.com,bYArkUZ(+4,1
677,Karen Oneill,1984-07-20,38,3,0,381480,Ramat_Gan,downspamela@dickson.com,Egm8*Hf#&+,1
678,Brett Foley,1997-12-14,25,1,1,460988,Herzliya,hebertcrystal@yahoo.com,%2)HvouDu1,1
679,Jillian Rose,1987-12-04,35,1,0,320883,Petah_Tikva,hancockedwin@kelly.net,l2mQJ)q)@9,1
680,William Parker,1969-04-07,53,3,1,259831,Tel_Aviv_Yaffo,shane42@rodgers.com,Edxo0E+v3),1
681,Taylor Montgomery,1974-03-02,48,2,1,293904,Petah_Tikva,benjamin88@johnson-gonzalez.com,m4M2bgX8@n,1
682,Todd Gordon,1961-07-10,61,2,1,347337,Tel_Aviv_Yaffo,nstewart@hotmail.com,@V2EP_gz*!,1
683,Cynthia Brown,1987-06-17,35,0,1,326316,Petah_Tikva,jessicaolsen@clark-ryan.com,8_SZmoM@+4,1
684,Daniel Duran,1975-03-13,47,1,1,238416,Ramat_Gan,brittanytaylor@guerrero.com,^0Q(jyzbJB,1
685,Laurie Garcia,1982-03-01,40,1,1,346475,Ramat_Gan,sally36@hotmail.com,%J39NcZcG!,1
686,Lisa Jackson,1994-01-25,28,2,1,468624,Tel_Aviv_Yaffo,sbaker@nelson-johnson.biz,0$9GbC(k!C,1
687,Kristen Mosley,1998-11-29,24,1,0,361748,Tel_Aviv_Yaffo,cheryl56@hotmail.com,$9eY3Hx16a,1
688,Laura Martin,1962-06-03,60,2,1,254703,Rishon_LeTsiyon,dawn74@salazar.com,%Y7LfUn@Lt,1
689,Audrey Beard,1986-01-10,36,3,1,241500,Tel_Aviv_Yaffo,aaronpierce@higgins.net,X0#8EmPS%S,1
690,Jeanne Carter,1980-04-20,42,4,0,359265,Tel_Aviv_Yaffo,xharris@zimmerman.com,J@W#2FKo*2,1
691,Tracy Jones,1963-02-22,59,3,1,393923,Petah_Tikva,owatson@fritz.com,Pn+9GAsTJ),1
692,Tyler Stone,1999-10-03,23,0,1,391383,Rishon_LeTsiyon,katherine72@hotmail.com,JO3Xq1#)5!,1
693,Ronnie Terry,1997-09-23,25,0,1,284518,Rishon_LeTsiyon,mkirk@gmail.com,!(BXJpO2h4,1
694,Tina Potter,1977-04-11,45,1,1,422186,Tel_Aviv_Yaffo,griffinamanda@cooper.com,C!U7lkBg^C,1
695,Katherine Lara,1977-06-01,45,1,1,250503,Tel_Aviv_Yaffo,melissalarson@hotmail.com,a_2MsDcpph,1
696,Chad Bell,1984-05-16,38,4,1,334681,Ramat_HaSharon,kdavis@yahoo.com,wUrTJ7+j+7,1
697,Michael Wright,1967-11-21,55,2,1,420329,Tel_Aviv_Yaffo,dcarter@yahoo.com,B(Qy0Zo)el,1
698,Alyssa Jackson,1987-02-27,35,3,1,369501,Ramat_Gan,sean26@huff-rodriguez.com,+2DVT!6y&O,1
699,Candace Lloyd,1966-12-23,56,2,1,375263,Tel_Aviv_Yaffo,yramirez@green.com,d!k3Ac(#7W,1
700,Kendra Lawson,1963-04-26,59,4,1,305128,Tel_Aviv_Yaffo,jeremysoto@gmail.com,voIPXHwI)4,1
701,Douglas Carter,1961-01-02,61,1,1,420974,Tel_Aviv_Yaffo,michele98@gmail.com,&1rrBxXlKO,1
702,Katherine Roberson,1999-06-10,23,0,1,419928,Herzliya,charles69@navarro.com,)8R6FZnbg!,1
703,Vanessa Gentry,1978-04-03,44,2,1,459134,Ramat_HaSharon,byrddaniel@guzman.com,2xtIMis2%7,1
704,Juan Williams,1960-09-26,62,1,1,368024,Tel_Aviv_Yaffo,ybowman@gmail.com,)3HpHJdkNl,1
705,Kathleen Eaton,1993-04-30,29,3,0,429094,Petah_Tikva,stewartrandy@gmail.com,^0b^yJTp71,1
706,Jason Hill,1970-03-01,52,1,1,415428,Petah_Tikva,brittanyramirez@yahoo.com,E4H#N2@g($,1
707,Maureen Bell,1992-02-08,30,3,0,294764,Tel_Aviv_Yaffo,afry@underwood.org,U)2&b8QzGo,1
708,Ashley Kennedy,1967-12-10,55,1,1,243371,Tel_Aviv_Yaffo,jamie09@thompson.com,l++Z6nFLwv,1
709,Jessica White,1981-02-11,41,4,1,312526,Rishon_LeTsiyon,wilsonkim@hotmail.com,8DcHvn$Z_4,1
710,Randall Robinson,1982-05-06,40,2,0,225358,Tel_Aviv_Yaffo,brandy08@alexander.info,J*+4FbvSJV,1
711,Kevin Rodgers,1983-12-03,39,5,1,384183,Tel_Aviv_Yaffo,jasonhill@wood-potts.com,$UWxy1alU8,1
712,Jeffrey Martinez,1998-07-16,24,0,0,433893,Ramat_HaSharon,cbennett@yahoo.com,Q1HUXAry^i,1
713,Michelle Hernandez,1989-07-09,33,0,1,289867,Rishon_LeTsiyon,tabithacarter@vaughn-potter.com,y$7guHYfQf,1
714,Mary Ramsey,1978-08-30,44,1,1,291859,Rishon_LeTsiyon,ubartlett@gmail.com,d&rf4gGa+W,1
715,Kristin Norman,1964-08-13,58,1,1,278624,Tel_Aviv_Yaffo,michael33@mcfarland-sanchez.com,r(6G97kN%A,1
716,Angela Fox,1960-01-30,62,1,0,386076,Tel_Aviv_Yaffo,danielleheath@yahoo.com,#ld0ePzd3g,1
717,Ronald Phillips,1996-03-19,26,0,1,352659,Ramat_HaSharon,chopkins@yahoo.com,yE%2IM!s_6,0
718,Nicholas Nichols,1977-02-17,45,2,1,384010,Tel_Aviv_Yaffo,chall@vasquez.com,wa1pJYsPk&,1
719,Sean Drake,1961-11-15,61,2,1,268290,Ramat_HaSharon,yvonneroberts@hotmail.com,5z2shN%d2*,1
720,Blake Lopez,1976-01-19,46,2,1,265697,Ramat_Gan,stacey05@schneider-wright.com,%#6aN#tm1r,1
721,Gary Roberts,1967-11-01,55,1,1,351059,Tel_Aviv_Yaffo,wharrison@gmail.com,_@zQ%KmI62,1
722,Dakota Cole,1961-09-16,61,1,1,231434,Petah_Tikva,weaversamuel@yahoo.com,p+AIu4Wt8U,1
723,John Cooper,1968-01-31,54,3,1,433442,Tel_Aviv_Yaffo,duarteolivia@hotmail.com,_gN!#snaO8,1
724,David Wong,1964-06-12,58,3,1,323004,Tel_Aviv_Yaffo,reillydavid@coffey.com,)9L$u%ZbCJ,1
725,Sharon Brown,1968-07-30,54,2,0,422313,Petah_Tikva,williamsmartin@hotmail.com,d7_8VRixR#,1
726,Carrie Martin,1965-08-22,57,1,1,254724,Tel_Aviv_Yaffo,lisa50@kline-ayers.com,x&21UN$lT+,1
727,William Berry,1991-11-06,31,3,1,350865,Tel_Aviv_Yaffo,nancy68@decker.com,_7)cW5rrd$,1
728,Regina Higgins,1988-11-02,34,2,1,398780,Petah_Tikva,smithrobert@brooks.net,&f_1JDbHpG,1
729,Stefanie Davis,1970-12-21,52,3,1,385067,Tel_Aviv_Yaffo,johnsonjessica@johnston-lawrence.com,*_Gd(E+vb5,1
730,Jared Oliver,1988-05-15,34,2,1,450218,Petah_Tikva,catherine71@orr.info,iJFYIhIv+8,1
731,David Williams,1964-06-05,58,2,1,409650,Petah_Tikva,mitchellsusan@hotmail.com,#s0OOiy&A%,1
732,Katherine White,1991-04-28,31,3,1,243506,Tel_Aviv_Yaffo,evanstewart@yahoo.com,@3(SIKBx7W,1
733,Julia Ford,1969-07-27,53,1,1,381450,Ramat_Gan,kellyrobertson@soto.info,*xY(B+3w&1,1
734,John Phelps,1982-07-18,40,2,1,316690,Tel_Aviv_Yaffo,jonesjennifer@barnes.biz,l!y1PSof@^,1
735,Suzanne Blevins,1990-08-25,32,2,1,397748,Tel_Aviv_Yaffo,katelyn95@hotmail.com,3nJPPKdu+7,1
736,Daniel Lopez,1961-02-05,61,2,1,265441,Petah_Tikva,danieljohn@smith.com,TRj&)9CeMj,1
737,Scott Oneal,1963-11-14,59,3,0,273772,Tel_Aviv_Yaffo,josephbrown@wagner.org,$vRSZJUmx2,1
738,Bobby Harris,1973-06-13,49,3,1,252217,Ramat_Gan,littletasha@edwards.com,kbJe8yJu$j,1
739,Keith Diaz,1987-07-08,35,2,1,350762,Tel_Aviv_Yaffo,aliciamartinez@torres-montoya.com,C*4WVcvoMk,1
740,Derek Contreras,1995-04-29,27,0,1,400456,Tel_Aviv_Yaffo,timothyavila@yahoo.com,U!s4IZPz3*,1
741,Gabriel Jones,1970-02-28,52,1,1,291641,Rishon_LeTsiyon,timothycastillo@hotmail.com,$M23U84c6t,1
742,Connor Rush,1960-08-31,62,3,1,397603,Ramat_Gan,colliershannon@yahoo.com,1hCR9aog$f,1
743,David Baker,1971-04-20,51,3,1,283802,Tel_Aviv_Yaffo,bryan35@nguyen.info,+270bXQqj^,1
744,Barbara Sanchez,1963-02-11,59,2,0,295541,Rishon_LeTsiyon,roachcraig@hughes-taylor.com,*p^JQMq645,1
745,Jodi Fischer,1974-09-23,48,2,1,369692,Petah_Tikva,jerry29@edwards.net,*dC8Yt6Bf5,1
746,Nichole Perry,1994-05-09,28,0,1,351599,Tel_Aviv_Yaffo,spencerdeborah@hotmail.com,U!7m!Ke4Q_,1
747,Jennifer Moody,1982-11-24,40,2,1,396039,Rishon_LeTsiyon,casepamela@meyers-franklin.com,!gW(SKsl*4,1
748,Justin Cooper,1987-12-23,35,1,1,400142,Tel_Aviv_Yaffo,nthomas@yahoo.com,&ND3QfV0v7,0
749,Kelsey Baker,1983-10-07,39,2,1,266144,Tel_Aviv_Yaffo,peggysmith@cooley.com,HM4)2&8kD!,1
750,Michael Mendoza,1982-10-16,40,2,1,448289,Rishon_LeTsiyon,ubrewer@lopez-dawson.com,Zy2Ju4h!f*,1
751,Leslie Craig,1975-05-23,47,2,0,212888,Rishon_LeTsiyon,beckermichelle@melton-reynolds.com,d!0U$6K*am,1
752,Denise Rhodes,1991-09-24,31,0,0,376845,Tel_Aviv_Yaffo,stuartrobert@mills.info,$aJufJAiu9,1
753,Ann Chambers,1964-02-05,58,3,1,240207,Tel_Aviv_Yaffo,coxmegan@hunt-robertson.com,6uNLaVUy@1,1
754,Gail Simpson,1999-10-17,23,0,1,248714,Rishon_LeTsiyon,michael36@yahoo.com,lN6Q08k(P),1
755,Jessica Morgan,1992-11-08,30,1,1,255478,Tel_Aviv_Yaffo,nelsonaustin@carr-sanders.com,&4TAEWoHb3,1
756,Ronnie Alvarado,1973-07-18,49,2,1,365770,Tel_Aviv_Yaffo,mooresamantha@gmail.com,#bHXgK8^8i,1
757,Bobby Ford,1990-06-21,32,1,1,426665,Ramat_Gan,robertandrews@hotmail.com,^&@5U2DrrY,1
758,Manuel Anderson,1988-02-15,34,1,1,211428,Rishon_LeTsiyon,kennethbentley@hernandez-murphy.com,gz4#ZY$h(8,1
759,Marissa Conway,1998-10-04,24,0,0,379905,Petah_Tikva,jameshaley@gmail.com,**6SQpxvt&,1
760,Brandon King,1963-11-02,59,4,0,248940,Ramat_Gan,ymills@hotmail.com,ElDtz9L3D+,1
761,Connie Burch,1993-09-19,29,1,1,343393,Ramat_HaSharon,emccoy@hotmail.com,&tD2UZZe__,1
762,Tyler Yates,1980-06-06,42,1,1,372560,Tel_Aviv_Yaffo,christineramsey@smith.com,E4)5CoNBA(,1
763,Adam Stevenson,1978-04-07,44,2,1,253173,Ramat_Gan,angelica16@carter-howard.com,0w90Dndi(M,1
764,Elizabeth Allen,1991-03-24,31,3,0,264115,Tel_Aviv_Yaffo,greenjessica@wise.com,+H3JeitV!x,1
765,Steven Quinn,1961-12-08,61,3,0,306031,Tel_Aviv_Yaffo,ryan62@graves-marquez.com,n57Ov!wG^L,1
766,Jerry Walters,1989-05-02,33,1,1,437217,Ramat_Gan,pmoore@gmail.com,eu7kEKyTE*,1
767,Raymond Hale,1987-09-21,35,1,1,451033,Tel_Aviv_Yaffo,hgomez@yahoo.com,&_g27EQ@Jf,1
768,Darlene Bautista,1972-10-04,50,2,1,221696,Rishon_LeTsiyon,gabriel76@yahoo.com,MZq0VAeH!l,1
769,Amy Cox,1978-08-29,44,2,1,446819,Tel_Aviv_Yaffo,adamskimberly@hotmail.com,Z7L_Gt5h(9,0
770,Carrie Walker,1989-11-21,33,1,0,327218,Tel_Aviv_Yaffo,ubonilla@hotmail.com,$r2Z#Sshlg,1
771,Megan Conley,1998-10-31,24,0,1,390421,Ramat_Gan,turnerjohn@gmail.com,_R_pk3Lw2U,0
772,Kevin Cole,1984-08-24,38,2,1,256109,Ramat_HaSharon,vjackson@williams.com,^hrRrtX*)5,1
773,Christina Garrett,1962-03-10,60,4,1,409537,Petah_Tikva,gregory98@yahoo.com,4@7^D#ysT_,1
774,Bryce Duffy,1973-08-23,49,1,1,221628,Tel_Aviv_Yaffo,dennismelissa@hotmail.com,!1Q2O8AnZK,1
775,Christopher Lozano,1989-04-17,33,0,1,309817,Rishon_LeTsiyon,haaskimberly@gmail.com,@RE0Mz0543,1
776,John Carney,1993-03-12,29,1,0,337784,Tel_Aviv_Yaffo,thorntonpaul@gmail.com,^1DCNw%)r$,1
777,Kendra Cook,1985-06-19,37,2,1,238438,Tel_Aviv_Yaffo,masonmiranda@hotmail.com,_ujCRjvhv3,1
778,Phillip Gonzalez,1972-10-26,50,3,1,449134,Petah_Tikva,matthewmoore@brooks.com,!L&j8V!u3@,1
779,John Greer,1974-02-20,48,1,1,428163,Rishon_LeTsiyon,rachel99@rivera.com,ffvN6T9r+5,1
780,Heidi Alvarado,1985-03-07,37,2,1,351275,Rishon_LeTsiyon,lisa42@thompson.net,5ZvIHGJt)S,0
781,Keith Johnson,1963-11-04,59,2,1,370537,Tel_Aviv_Yaffo,josephbarry@cole.info,g_1H34wp0K,1
782,Ashley Smith,1966-12-31,56,2,1,214537,Tel_Aviv_Yaffo,mterry@bradley-stewart.com,@8S69qzH#h,1
783,Steven Stephenson,1976-07-01,46,1,1,391951,Tel_Aviv_Yaffo,burnsstephen@diaz.com,AtNqSQMz%7,1
784,Rachel Weber,1962-01-30,60,1,1,348372,Tel_Aviv_Yaffo,copelandbrandon@ryan.com,#F6a0AJ1b0,1
785,Aaron Jackson,1997-02-24,25,0,0,242782,Ramat_HaSharon,xblack@foley.net,T%I7Siqi8D,1
786,Tamara Horn,1996-06-15,26,0,1,214295,Tel_Aviv_Yaffo,jacksonkatelyn@rush.com,#$Q#8Dqi(0,1
787,Jennifer Costa,1987-01-07,35,3,1,448809,Rishon_LeTsiyon,williamsmichael@lara.net,%PHijytU0A,1
788,Julie Holland,1968-10-04,54,1,1,281439,Rishon_LeTsiyon,mark74@yahoo.com,b2OPRUpu(1,1
789,Tanya Beck,1989-08-16,33,1,1,422045,Rishon_LeTsiyon,beckjo@vasquez.com,LW*i2Bu)m$,1
790,Jean Pope,1973-02-08,49,2,1,324870,Tel_Aviv_Yaffo,perezzachary@marshall.com,SSs$2Wotb$,1
791,Mrs. Katherine Owens,1964-06-24,58,1,1,299587,Tel_Aviv_Yaffo,debrasmith@yahoo.com,j$wJ5O7hp$,1
792,Jonathan Bowen,1975-04-25,47,0,1,273500,Tel_Aviv_Yaffo,smithcalvin@russo.biz,(u7Uso02E@,1
793,Mark Garcia,1993-01-05,29,3,1,392481,Rishon_LeTsiyon,millsjustin@yahoo.com,tk3XYkkp((,1
794,Matthew Davis,1993-04-14,29,1,1,357671,Tel_Aviv_Yaffo,alexnovak@hotmail.com,5X8RriT!++,1
795,Ross Sanchez,1974-03-04,48,3,0,266029,Tel_Aviv_Yaffo,christopher11@yahoo.com,%7*i34Drv%,1
796,Robert Oconnor,1993-02-14,29,3,1,230556,Ramat_Gan,jamessalinas@hotmail.com,#1oAyQaaoL,1
797,Daniel Sandoval,1978-04-24,44,3,1,373874,Tel_Aviv_Yaffo,adamsmonica@yahoo.com,l@5#9NgjNa,1
798,Teresa Berry,1968-10-05,54,2,1,376737,Tel_Aviv_Yaffo,rmorris@clayton.com,f#7BlrR^tm,1
799,Gregory Torres,1991-01-19,31,1,1,453921,Rishon_LeTsiyon,vargasbrian@bailey.org,v0pPzVCt!k,1
800,Nancy Miller,1969-03-19,53,2,1,374355,Petah_Tikva,brenda36@novak.com,@a$e8bIpuv,1
801,Jodi Love,1979-10-12,43,2,1,301737,Tel_Aviv_Yaffo,amanda95@yahoo.com,h6Kh4Uon(B,1
802,Thomas White,1993-01-09,29,1,1,401438,Rishon_LeTsiyon,campbelljeremy@yahoo.com,+2JccexTD3,1
803,Amber Wise DVM,1987-07-17,35,1,1,213967,Tel_Aviv_Yaffo,hkemp@carpenter.com,J3ze3R8G%c,1
804,Shelby Matthews,1966-03-04,56,2,1,293262,Ramat_Gan,cathy97@ward-scott.com,^*&2R)vv_B,1
805,Anthony Beck,1995-04-22,27,0,0,214325,Tel_Aviv_Yaffo,carol08@gmail.com,FzbD1_Yt+#,1
806,Spencer Ferguson,1971-01-14,51,2,1,246418,Petah_Tikva,maldonadorussell@hotmail.com,a274VSt@_*,1
807,Daniel Hicks,1962-10-09,60,3,1,402020,Ramat_HaSharon,benjamin56@gmail.com,_JyUxkZg06,1
808,Kristen Luna,1983-11-11,39,3,1,334213,Ramat_Gan,douglasdavis@hotmail.com,t!C6B!f9S_,1
809,Lori Atkins,1977-01-10,45,1,1,248698,Tel_Aviv_Yaffo,idavis@fernandez.com,+@T3nTzZ@x,1
810,Jennifer Huffman,1996-02-22,26,0,1,451537,Rishon_LeTsiyon,lawrencechelsey@yahoo.com,n@9Hr!)8vc,1
811,Amanda Curry,1967-07-22,55,1,0,422859,Herzliya,carolinehaynes@webster.info,vmQ8M8xlu_,1
812,Nicole Anderson,1973-09-11,49,2,1,229395,Rishon_LeTsiyon,krystalwalker@gmail.com,_OTKBJjD8l,1
813,Rebecca Crawford,1975-03-28,47,2,1,429622,Tel_Aviv_Yaffo,melanie80@yahoo.com,e^x60QyfV!,1
814,Lori Thomas,1965-06-20,57,2,1,240669,Tel_Aviv_Yaffo,miaalvarez@forbes.com,+#yYHIhQ29,1
815,Gregory Mcfarland,1992-10-24,30,2,1,410548,Rishon_LeTsiyon,ajordan@hotmail.com,(4Q&z0JLly,1
816,Amber Brooks,1960-03-18,62,2,1,417051,Tel_Aviv_Yaffo,cruzjoseph@yahoo.com,q2y&QtR)(4,1
817,Vanessa Schultz,1992-08-31,30,2,1,378552,Rishon_LeTsiyon,tsutton@stokes-stuart.com,4YB12scjp@,1
818,William Odonnell,1966-08-26,56,2,1,434621,Tel_Aviv_Yaffo,leslie64@hotmail.com,67A9Vsv%@m,1
819,Kevin Robinson,1966-05-09,56,2,1,383009,Tel_Aviv_Yaffo,pflores@gmail.com,%SaPuka$u5,1
820,Norman Owens,1968-08-29,54,1,1,393930,Tel_Aviv_Yaffo,thomasmitchell@yahoo.com,f$e53(MfUe,1
821,Todd Gilmore,1979-08-08,43,3,1,280730,Tel_Aviv_Yaffo,kimberlycalhoun@morgan.net,uxWANpkt#2,1
822,Steven Patterson,1970-09-14,52,1,1,216221,Petah_Tikva,devin29@gmail.com,(QCas$+t2k,1
823,Jennifer Berry,1969-10-21,53,1,0,437392,Rishon_LeTsiyon,jeffreyblack@yahoo.com,L1hgY#dg^8,1
824,Dr. Cynthia Patterson MD,1977-06-23,45,3,1,253248,Tel_Aviv_Yaffo,ghorn@gmail.com,&W0yEItc#6,1
825,Tracy Cain,1999-10-29,23,1,1,289487,Tel_Aviv_Yaffo,frankkenneth@hotmail.com,+60xHpwMZI,1
826,Scott Tanner,1981-02-21,41,0,1,454831,Tel_Aviv_Yaffo,otaylor@hotmail.com,P1ZDMnS^$k,1
827,Brian Bailey,1975-06-23,47,3,1,344566,Tel_Aviv_Yaffo,itaylor@yahoo.com,$92)KUHjEO,1
828,Tonya Ramirez,1997-03-15,25,0,1,395929,Tel_Aviv_Yaffo,williamsvickie@barker.org,@Dd2^PbE6d,1
829,Vickie Townsend,1976-06-16,46,3,1,387243,Tel_Aviv_Yaffo,othornton@ellis.com,Tc#302Uc+C,1
830,Maria Bailey,1980-09-24,42,2,0,226350,Rishon_LeTsiyon,tiffanyconley@crawford.biz,O)HJ77Gn^w,1
831,Katherine Ellison,1965-05-31,57,3,1,444888,Ramat_Gan,cooperjanice@hotmail.com,CdIGAVvV#1,1
832,Brian Jackson,1976-06-17,46,3,1,362928,Rishon_LeTsiyon,millerdaniel@hotmail.com,*Ns5RnFj)L,1
833,Paul Torres,1960-03-06,62,0,1,329033,Tel_Aviv_Yaffo,lloyddanielle@bradley-norman.com,^%1DcnMh+b,1
834,Jordan Velazquez,1963-07-01,59,2,1,286266,Rishon_LeTsiyon,middletonsharon@marsh-blackwell.com,ME9sX)aq%t,1
835,Shannon Cox,1999-01-11,23,0,1,360438,Tel_Aviv_Yaffo,donna38@nelson-marshall.com,paBw2(Mpz#,1
836,Susan Adkins,1986-09-16,36,1,1,467119,Tel_Aviv_Yaffo,jennifer85@long.com,+*12FK*_Jz,1
837,Sara Benson,1973-05-21,49,1,1,339728,Petah_Tikva,mwoods@yahoo.com,2Aa3Wrzdx&,1
838,Lindsay Wilson,1987-11-23,35,2,0,422178,Tel_Aviv_Yaffo,lgray@gmail.com,7*7#5GwT#l,1
839,Amy Wright,1963-05-18,59,1,1,417139,Ramat_Gan,sarahcoleman@gmail.com,_2W8yRDW2*,1
840,Katherine Mitchell,1983-05-08,39,2,1,330129,Tel_Aviv_Yaffo,leblancvalerie@hotmail.com,FNe)m6DhO_,1
841,Brittney Matthews,1997-05-28,25,0,1,407544,Tel_Aviv_Yaffo,nhill@hotmail.com,&mHM!yzm@4,1
842,Richard Jacobs,1987-10-11,35,2,1,374181,Rishon_LeTsiyon,rachelcarpenter@mckee.net,I$22XYOc*I,1
843,Kimberly Hughes,1972-11-10,50,1,1,391243,Tel_Aviv_Yaffo,leepeter@franklin-murphy.info,aw1zDZPYn$,1
844,Mitchell Martin,1984-10-26,38,2,1,226390,Rishon_LeTsiyon,qlee@gmail.com,^N#I#EMv!7,1
845,Michelle Williams,1985-03-16,37,2,1,460353,Tel_Aviv_Yaffo,josephlaura@mcdonald-garcia.com,(iMVrkKH9S,1
846,Kelly Davis,1977-05-23,45,2,1,344335,Tel_Aviv_Yaffo,olsonkathleen@yahoo.com,A8(U$klD+$,1
847,Kristen Castro,1982-09-05,40,1,0,228499,Tel_Aviv_Yaffo,fandrews@cannon-henry.net,*532t3AhmB,1
848,Dalton Jackson,1985-09-11,37,3,1,291583,Tel_Aviv_Yaffo,carlosjones@ruiz.com,*zhOBQQv4C,1
849,Victoria Jones,1986-01-21,36,1,1,433280,Petah_Tikva,howarddevon@yahoo.com,fcn0ucIx#),1
850,Miguel Lamb,1988-10-24,34,1,1,469275,Tel_Aviv_Yaffo,daniel35@robles-jimenez.net,*%88QJmu(n,1
851,Carrie Allen,1996-08-08,26,0,1,320915,Tel_Aviv_Yaffo,stacey01@olson.com,+3zdv)Qqyu,1
852,Jennifer Wilson,1970-05-24,52,1,1,436310,Tel_Aviv_Yaffo,nscott@yahoo.com,tR2x#uJhj#,1
853,Sara Scott,1996-10-25,26,0,1,210647,Tel_Aviv_Yaffo,amartinez@yahoo.com,!WkZeIm&9k,1
854,Stephanie Burton,1988-11-27,34,1,1,319691,Tel_Aviv_Yaffo,eric75@gmail.com,KcF4vulI*2,1
855,Kyle Barnes,1966-07-15,56,1,1,297212,Ramat_Gan,matthew06@yahoo.com,6iI6)xzr&b,1
856,Leslie Cook,1962-05-10,60,2,0,406269,Rishon_LeTsiyon,ischneider@yahoo.com,W7%yZ9Zd#_,1
857,Vincent Reeves,1969-10-07,53,4,0,381242,Tel_Aviv_Yaffo,tayloramy@burgess.com,9@ZM6bRox!,1
858,Crystal Freeman,1986-08-09,36,1,1,228534,Petah_Tikva,rclay@carson-robinson.com,R+wj7Krr@R,1
859,Elizabeth Sanders,1996-08-02,26,0,1,365760,Ramat_HaSharon,thomas65@wagner-flores.com,6bNk1tAJ^b,1
860,Jon Holmes,1965-10-30,57,2,1,214175,Tel_Aviv_Yaffo,vmason@vega.com,pG2&KNRp_7,0
861,Elizabeth Knight,1993-06-24,29,3,1,215536,Tel_Aviv_Yaffo,rpierce@townsend.com,D6OvKhat)F,1
862,Sharon Clark,1965-11-25,57,1,1,254736,Tel_Aviv_Yaffo,dianaward@miller.com,_8TZTr5yHt,1
863,Jonathan Golden II,1960-09-03,62,1,1,361339,Petah_Tikva,jeffrey74@hotmail.com,+6C6ty7Sd4,1
864,Jacqueline Santana,1962-05-04,60,4,1,433789,Tel_Aviv_Yaffo,andrewhorton@hotmail.com,g_yq8GXd@r,0
865,Jesse Haney,1964-11-27,58,1,1,452283,Rishon_LeTsiyon,chapmanmegan@hotmail.com,Umt7!EoKH^,1
866,Omar White,1965-10-04,57,2,1,464073,Tel_Aviv_Yaffo,jacobsonlisa@yahoo.com,P&1KYye+1n,1
867,Laura Brewer,1971-06-04,51,2,1,241399,Rishon_LeTsiyon,knelson@yahoo.com,#6MtJ+zkX!,1
868,Walter Wu,1971-03-25,51,2,1,327548,Tel_Aviv_Yaffo,lisamccarthy@richardson-hernandez.com,^4Env$ItO*,1
869,David Nichols,1998-12-14,24,0,1,425954,Rishon_LeTsiyon,kristinscott@harrison.com,jm%hoCdY!2,1
870,Travis Woods,1985-11-02,37,2,1,462908,Rishon_LeTsiyon,barretttaylor@gmail.com,d%l15SCkFG,1
871,Shannon Wilson,1960-05-02,62,2,1,341440,Tel_Aviv_Yaffo,leslie49@yahoo.com,le$18A_r^(,1
872,Kevin Myers,1998-10-01,24,0,0,350561,Rishon_LeTsiyon,reynoldskenneth@gmail.com,49t25Kiz_6,1
873,Casey Alvarez,1960-03-23,62,2,1,351271,Ramat_HaSharon,gardnermatthew@gmail.com,$0UnF#!KXg,1
874,Danny Perry,1980-12-05,42,2,1,413108,Rishon_LeTsiyon,hobbssusan@tucker.com,^0t_GLqBl*,1
875,Samantha Holmes,1960-10-15,62,2,1,439982,Tel_Aviv_Yaffo,tmoon@hotmail.com,f3nGBhiQ*p,1
876,Sarah Willis,1961-09-20,61,2,1,413605,Rishon_LeTsiyon,stephanie15@hotmail.com,L(VVZxoH&2,1
877,Katrina Welch,1995-08-25,27,0,1,354374,Ramat_Gan,yfoster@gmail.com,w62ZI7eI#r,1
878,David Turner,1975-04-03,47,2,1,361048,Tel_Aviv_Yaffo,mwalker@reid.org,@8&hQZHqK7,1
879,Jonathon Saunders,1977-06-15,45,3,1,221716,Rishon_LeTsiyon,richardsolivia@ferguson.com,aK!y&)(c*9,1
880,Brandon Rodriguez,1971-10-30,51,2,1,382061,Tel_Aviv_Yaffo,zachary81@yahoo.com,e77AUYu7(O,1
881,Kayla Brady,1987-10-14,35,1,0,285304,Tel_Aviv_Yaffo,margaretjordan@russell.com,z_3mSCejJ^,1
882,Sarah Barrera,1982-08-22,40,4,1,469130,Rishon_LeTsiyon,angelica57@hotmail.com,357DQeaH!b,1
883,Xavier Schultz,1982-04-20,40,1,1,282441,Tel_Aviv_Yaffo,ashley03@gmail.com,mK8^9CzP)C,1
884,Brenda Smith,1982-01-18,40,4,1,465574,Tel_Aviv_Yaffo,donald33@rice.info,JeOK5TV4I@,1
885,James Bradford,1984-03-25,38,3,1,403751,Tel_Aviv_Yaffo,alvarezwilliam@yahoo.com,0Ba&7Xi^1I,1
886,Paul Wallace,1975-01-26,47,2,1,338534,Tel_Aviv_Yaffo,rodriguezalbert@yahoo.com,+7Jq7E!z8q,1
887,Jennifer Walton,1976-05-25,46,3,0,299042,Ramat_HaSharon,andrew21@yahoo.com,Uft0Fuy2^4,1
888,Louis Ali,1979-06-21,43,1,1,233092,Tel_Aviv_Yaffo,vincentwhitaker@yahoo.com,I66IAhsJ+h,1
889,Ashley Garza,1982-02-03,40,2,1,404409,Tel_Aviv_Yaffo,christopherkaiser@yahoo.com,!R4FLzqr0Y,1
890,Eric Johnson,1962-11-14,60,2,1,425979,Tel_Aviv_Yaffo,emily03@yahoo.com,a##8Taq3KR,1
891,Thomas Christensen,1998-01-31,24,0,1,346428,Tel_Aviv_Yaffo,jeremydavis@bates.net,JO_8MINm1n,1
892,Christine Jordan,1998-10-07,24,0,0,334278,Tel_Aviv_Yaffo,cmiller@yahoo.com,R_0WtHHg+S,1
893,Michelle Salinas,1983-01-27,39,3,1,467587,Rishon_LeTsiyon,sarah49@johnson.com,qCr7&AYqg!,1
894,Tammy Martinez,1988-03-11,34,2,1,395865,Tel_Aviv_Yaffo,bondkristin@hotmail.com,#w7E7dhspu,1
895,Michelle Collier,1972-07-28,50,2,1,431943,Ramat_Gan,butlerchristopher@gmail.com,gK12B!Fn@F,1
896,Daniel Singleton,1981-12-13,41,2,1,354037,Herzliya,johnsonkathy@gmail.com,v*4K+X6eq&,1
897,Ryan Mann,1986-01-26,36,3,1,406616,Petah_Tikva,sharon04@hotmail.com,rfOGeLW!)9,1
898,Daniel Wolf,1961-09-23,61,1,1,275324,Tel_Aviv_Yaffo,dannymccall@yahoo.com,V)X2caNc_n,1
899,Joseph Baker,1973-05-10,49,3,1,413984,Tel_Aviv_Yaffo,vwhite@hotmail.com,S7FwzYUz%5,1
900,Kelly Kelly,1972-01-24,50,2,0,241776,Ramat_Gan,georgechristopher@rodriguez.com,kJ38DNGs^i,1
901,Theodore Burns,1990-10-13,32,2,1,311322,Tel_Aviv_Yaffo,delgadovictor@yahoo.com,)5Ij)7cus1,1
902,Kenneth Allen,1996-04-20,26,0,1,459759,Tel_Aviv_Yaffo,kelly77@hotmail.com,)b1^sZLwqZ,1
903,Amanda Smith,1978-11-15,44,1,1,326293,Tel_Aviv_Yaffo,chaveztracy@berry.net,5aTt8LO^^^,1
904,Jody Thompson,1999-02-16,23,0,1,239022,Ramat_Gan,michael46@johnson.com,5G4RL4Oy^8,0
905,Andrew Kelley,1987-08-04,35,1,0,429166,Ramat_HaSharon,tflores@charles.com,GtxuxKHx!3,1
906,Kenneth Mcpherson,1973-05-30,49,1,1,449789,Rishon_LeTsiyon,kristophermendoza@scott-lewis.net,)&8m8J^j$M,1
907,Justin Stephens,1999-08-14,23,0,1,278567,Rishon_LeTsiyon,vmarks@owens.com,)KK#vj#0)4,1
908,Jeremy Perez,1969-08-31,53,2,1,380821,Tel_Aviv_Yaffo,larsencarla@moore.com,(wo6TTEk)p,1
909,James Lewis,1996-10-31,26,1,0,231023,Tel_Aviv_Yaffo,ann88@carey.info,_!WpYesk44,1
910,Melissa Pope,1991-11-14,31,0,1,335725,Tel_Aviv_Yaffo,johnsonautumn@knight.com,ci7EPaYRv&,0
911,Teresa Paul,1979-09-18,43,1,1,443168,Tel_Aviv_Yaffo,scott01@gmail.com,#kNSy+ce75,1
912,Ms. Kim Jenkins DDS,1981-03-08,41,2,1,448014,Tel_Aviv_Yaffo,jeffreyunderwood@whitaker.com,#7NcNZqJl_,1
913,Matthew Sanders,1981-09-12,41,2,1,372860,Tel_Aviv_Yaffo,rclark@yahoo.com,y9PYs96x+&,1
914,Christian Fletcher,1987-11-15,35,2,1,312225,Tel_Aviv_Yaffo,qjones@powell.com,lU5Hh$h#e^,1
915,Kevin Bailey,1985-11-22,37,2,1,409770,Ramat_HaSharon,samanthaolsen@meyers.org,$k+Z&QxA37,1
916,Krystal Gardner,1976-05-29,46,2,1,226378,Petah_Tikva,edward87@gonzalez-garrett.com,1+oJ+3RqS_,1
917,Crystal Gutierrez,1961-06-21,61,1,1,396646,Petah_Tikva,icline@yahoo.com,R^g6wLXi)J,1
918,Rachael Jackson,1967-04-22,55,4,1,336912,Ramat_HaSharon,emilytorres@gmail.com,V6&gyCPu%k,0
919,Mario Mcclain,1964-05-27,58,1,1,234586,Rishon_LeTsiyon,brandy37@fitzgerald-larsen.info,&oF2$NvslK,1
920,Debra Arnold,1961-07-03,61,1,1,244935,Tel_Aviv_Yaffo,lauraclark@spencer.com,*Qm4ZYzxfq,1
921,Amanda Patrick,1970-12-22,52,2,1,356813,Ramat_Gan,mcgeejamie@chambers.com,0&kz+Edo(l,1
922,Sherry Valentine DDS,1996-12-26,26,0,1,250967,Tel_Aviv_Yaffo,nicholas67@yahoo.com,2_edoBYq^3,1
923,Charles Webb,1968-11-26,54,2,1,286590,Rishon_LeTsiyon,theodoretaylor@cardenas-deleon.com,QE!^z4Rjv8,1
924,Robert Brown,1969-07-31,53,1,1,324124,Tel_Aviv_Yaffo,barnesjon@morris.com,*k77CnV0S0,0
925,Debra Harris,1989-04-21,33,2,1,372189,Ramat_Gan,pamelabutler@gmail.com,(14M5Lp7fY,1
926,Ryan Butler,1979-02-12,43,1,1,253507,Rishon_LeTsiyon,karenmunoz@gmail.com,Gd%1nLAhK*,1
927,Laura Lowe,1997-08-12,25,1,1,255005,Rishon_LeTsiyon,nicole63@yahoo.com,(0KnYFn_dc,1
928,Teresa Mooney,1980-08-14,42,1,0,403477,Tel_Aviv_Yaffo,melaniemay@russo.com,L6U5Xprz&r,1
929,Andrea Harmon,1961-05-21,61,2,1,271534,Tel_Aviv_Yaffo,jamesmartinez@hotmail.com,Wy20GL$GK$,1
930,Janet Richard,1994-10-17,28,3,1,283247,Tel_Aviv_Yaffo,zstafford@knight.info,@xc7LPImuM,1
931,Robin Jones,1960-08-27,62,1,1,315084,Tel_Aviv_Yaffo,ellen08@gmail.com,Xc1AE%YfM$,1
932,Michael Farley,1962-04-08,60,2,1,426747,Tel_Aviv_Yaffo,garciamichael@martinez.com,$9a5aYT%kY,1
933,Adam Carter,1999-06-05,23,0,1,397782,Ramat_Gan,henrymatthew@aguirre.org,Lk6kROAn%7,1
934,Gerald Aguilar,1997-04-27,25,0,1,314898,Petah_Tikva,nicholasjames@lee-hall.net,)4z%UEu0qL,1
935,Amy Campbell,1982-07-04,40,5,1,458455,Tel_Aviv_Yaffo,stephenlong@hotmail.com,RE^w9FWf&e,1
936,Michael Johnson,1979-12-27,43,0,1,415699,Tel_Aviv_Yaffo,nicholas74@oliver-brown.biz,WeU@!kul)1,1
937,Alexandra Arnold,1997-10-08,25,1,0,212868,Ramat_HaSharon,kimgilbert@davis.net,%@Qv6!Lg8R,1
938,Mark Brown,1970-02-12,52,1,1,373948,Petah_Tikva,smithbobby@merritt.biz,(7wuM1pm29,1
939,Mrs. Rebecca Herman PhD,1997-11-08,25,1,1,378611,Petah_Tikva,josephmartinez@james.info,@Mk8D_pgf),1
940,Ryan Padilla,1968-01-17,54,3,1,357567,Petah_Tikva,mia92@howard.biz,67#tU@Hw)9,1
941,Heidi Casey,1984-08-13,38,2,1,395520,Tel_Aviv_Yaffo,spencercorey@little.org,8G1Q6Esto*,1
942,Rebecca Villa,1979-02-26,43,1,0,303559,Petah_Tikva,warnergregory@gmail.com,(XTNR%_rz8,1
943,Daniel Hammond,1971-12-07,51,0,1,210035,Tel_Aviv_Yaffo,josedavis@walton.com,^X6hKxi@k$,1
944,Sergio Baker,1998-11-02,24,1,1,303471,Tel_Aviv_Yaffo,wparker@hotmail.com,)HK1cSDSl4,1
945,Jill Davis,1972-10-24,50,2,1,254673,Tel_Aviv_Yaffo,freyes@ellison-tapia.com,O1#_0Vu7_+,1
946,Cynthia Farmer,1996-01-17,26,0,1,271236,Rishon_LeTsiyon,jessicamyers@day.com,Ax5j6eNv_t,1
947,Jamie Taylor,1991-07-18,31,0,1,373379,Rishon_LeTsiyon,ohart@hotmail.com,o_21CrIhZ!,1
948,Jill Clark,1966-04-23,56,2,0,228603,Tel_Aviv_Yaffo,joseph66@yahoo.com,(S8LiZ^+F#,1
949,Mary Mcguire,1961-01-01,61,2,1,252726,Rishon_LeTsiyon,christianortiz@gmail.com,@EL3@JpzX_,1
950,Thomas Foster,1984-11-19,38,1,1,361681,Tel_Aviv_Yaffo,bakermichael@yahoo.com,EANhdeqP#6,1
951,Amy Tucker,1990-06-19,32,3,1,399320,Tel_Aviv_Yaffo,dunderwood@mcclure.biz,L8GsSEb9+E,1
952,John Jones,1978-02-10,44,1,1,327909,Tel_Aviv_Yaffo,jason39@hotmail.com,RKRr2A#uG+,1
953,Jonathan Delacruz,1974-08-25,48,2,1,316809,Petah_Tikva,kelly40@hotmail.com,04*dIvVs*m,0
954,Brooke Gray,1980-01-22,42,1,1,431562,Rishon_LeTsiyon,jamie21@mann-stewart.com,mhYdR2*k)4,1
955,Patrick Mitchell,1985-04-29,37,2,1,264702,Tel_Aviv_Yaffo,jamesbaker@yahoo.com,Ra9)XNxfW$,1
956,Jerry Villarreal,1975-11-04,47,2,1,462514,Ramat_Gan,martingary@gmail.com,$6JSDMtdx5,1
957,Elizabeth Price,1982-08-04,40,2,1,449521,Rishon_LeTsiyon,johnwalter@yahoo.com,^BfUFF8qw2,1
958,Linda Brown,1986-06-30,36,2,1,242734,Tel_Aviv_Yaffo,bevans@ramirez.com,Lcfv5Xd_n#,1
959,Timothy Ramos,1965-03-16,57,2,1,386009,Ramat_Gan,ryan11@hotmail.com,dH&0#JltpS,1
960,Jeffrey Watkins,1963-02-03,59,1,0,229355,Tel_Aviv_Yaffo,matthew60@yahoo.com,+br)VNfb78,1
961,Mrs. Heather Black,1970-09-09,52,1,0,237028,Petah_Tikva,fwatkins@hotmail.com,i$85OQzMTp,1
962,Samantha Allen,1973-02-25,49,0,1,288760,Petah_Tikva,jeffreyrussell@combs-burns.com,@)04I@mO2P,1
963,Thomas Erickson,1979-03-06,43,2,1,289846,Tel_Aviv_Yaffo,harrisrachel@gmail.com,!!MtWdIx4E,1
964,Lindsey Kelly,1981-12-26,41,4,1,310744,Ramat_Gan,andrewsteele@scott-mendoza.info,&2Nx29Ak36,1
965,Stephanie Henderson MD,1981-09-01,41,1,1,243680,Tel_Aviv_Yaffo,john39@hotmail.com,fS2kYLtd!7,1
966,Mr. Dustin Pham,1973-08-13,49,2,1,270260,Tel_Aviv_Yaffo,walkermichele@mckinney-weaver.com,L0J3bcbu!L,1
967,Benjamin Andrews,1966-03-15,56,1,1,365813,Petah_Tikva,jenkinsalicia@young.biz,9jpy)5DhD&,1
968,Jessica Carr,1973-05-07,49,2,1,297235,Tel_Aviv_Yaffo,brendarodriguez@hotmail.com,+my0PQaf+),1
969,Cory Jones,1994-04-22,28,3,1,409108,Tel_Aviv_Yaffo,claytonparker@walters-smith.biz,$k85PCZo*@,1
970,Jessica Maxwell,1965-03-07,57,1,0,467425,Petah_Tikva,keith76@cox-coffey.info,2mo)6BHyhS,1
971,Marie Jones,1984-10-06,38,2,1,449756,Tel_Aviv_Yaffo,ronaldroberts@hotmail.com,o960KYKiJ$,1
972,Connie Barrett,1998-03-22,24,0,1,417097,Ramat_Gan,rmack@gay-hawkins.biz,&g7%8Uobb#,1
973,James Henderson,1977-10-24,45,2,1,406905,Tel_Aviv_Yaffo,andersonrichard@gmail.com,q9Ae#O59*q,1
974,Brenda Cordova,1968-02-09,54,1,1,318189,Tel_Aviv_Yaffo,troy80@walsh.org,p1YnU6Di^0,1
975,Tyler Patel,1963-04-25,59,2,1,308050,Ramat_Gan,ortizjared@olsen.com,&INXgTJcB4,1
976,Krystal Good,1971-11-28,51,2,1,460453,Tel_Aviv_Yaffo,qwilcox@contreras-combs.info,8(Ah6FMqWB,1
977,Rhonda Crawford,1994-09-24,28,1,1,248398,Tel_Aviv_Yaffo,orrrobert@yahoo.com,+4JKeSdo84,1
978,Sarah Miller,1996-04-23,26,0,0,384767,Tel_Aviv_Yaffo,teresaaustin@yahoo.com,N8@HO#*k#Y,1
979,Lisa Stephens,1997-12-20,25,0,1,328929,Ramat_Gan,michellemcguire@flores.biz,k(2R9glbu#,1
980,Jessica Johnson,1974-10-11,48,3,1,236508,Tel_Aviv_Yaffo,cmartinez@hotmail.com,U1Ees)KQ*C,0
981,Jill Baker,1969-02-19,53,1,1,341658,Tel_Aviv_Yaffo,vjacobson@hotmail.com,$3HLgnGyAc,1
982,Sheila Norton,1972-10-10,50,2,1,331906,Ramat_HaSharon,reginaldthompson@ingram-hunter.com,_G89_UZj&g,1
983,Austin Martin,1977-01-21,45,1,1,421312,Tel_Aviv_Yaffo,aliciabradford@gmail.com,h@0Ky5fWJY,1
984,Jeremy Gregory,1970-06-02,52,2,1,385436,Rishon_LeTsiyon,seandodson@yahoo.com,(^KF0N@O6u,1
985,Sarah Owens,1994-03-19,28,2,1,322871,Petah_Tikva,andrew06@hotmail.com,q)3tU*kaxx,1
986,Bradley Gilbert,1975-03-10,47,2,1,356388,Tel_Aviv_Yaffo,william22@payne.net,*J11HBu5F0,1
987,Daniel Barry,1994-05-18,28,3,1,408129,Tel_Aviv_Yaffo,allenjacob@yahoo.com,Nm7YkKoz&D,1
988,Eric Thompson,1973-03-20,49,2,1,367723,Ramat_Gan,meganking@gmail.com,x*+9!B3nmv,1
989,Mark Keller,1998-10-06,24,0,1,214552,Petah_Tikva,davisjoshua@hotmail.com,G7DAz&Fc(w,1
990,Mrs. Daisy Coleman,1961-09-05,61,2,1,405777,Tel_Aviv_Yaffo,brownzachary@yahoo.com,ky2XQyWt%8,1
991,Kelly Gonzalez,1973-12-21,49,3,1,257488,Ramat_Gan,brian37@allen-wise.com,K#22lN#eBA,1
992,Sarah Stevens,1964-06-17,58,2,1,336457,Tel_Aviv_Yaffo,rrivera@hotmail.com,pfu16WPnh*,1
993,Sheila Grant,1963-04-21,59,2,1,450293,Petah_Tikva,pattonwilliam@hawkins.com,49a5Vuu4%S,1
994,Robert Taylor,1997-02-14,25,0,1,449597,Tel_Aviv_Yaffo,ywilliams@hoffman.com,1R9EkdiNv@,1
995,Christopher Powell,1971-03-09,51,2,1,274029,Tel_Aviv_Yaffo,jeanetteyu@scott.com,$_6$Nn8n5x,1
996,Heather Gregory,1989-07-26,33,2,1,340535,Tel_Aviv_Yaffo,fuentestyrone@ramos.com,&D36szEaIM,1
997,Emily Green,1965-09-05,57,0,1,393739,Petah_Tikva,vgray@hotmail.com,@@fSHeGZY8,1
998,Alicia Hudson,1978-05-22,44,2,1,243848,Tel_Aviv_Yaffo,angela08@yahoo.com,G%C3UoepGR,1
999,Emma Alexander,1992-09-28,30,1,1,252663,Tel_Aviv_Yaffo,carol68@parks.com,2oMQlhHG(l,1
